ahupuaa,moku,island,n_cesspools,area_m2,cesspool_density_per_km2
Waiākea,Hilo,Hawaiʻi,6675,399616882.2067237,16.703498518731227
Keaʻau,Puna,Hawaiʻi,6623,264901435.97213653,25.001751975012453
Kapaʻa,Puna,Kauaʻi,2755,31597371.75707834,87.19079615800115
Makawao,Hāmākuapoko,Maui,1974,30815792.33617965,64.05806407523072
Wailua,Puna,Kauaʻi,1967,93506062.43294823,21.03606920043827
ʻŌlaʻa,Puna,Hawaiʻi,1853,244688217.22592512,7.572902451159269
Kalāheo,Kona,Kauaʻi,1579,21713035.050460353,72.72129374499963
Puʻukapu,Kohala,Hawaiʻi,1533,101849258.57790197,15.05165596102446
Kalaoa 1-5,Kona,Hawaiʻi,1514,14188914.011210307,106.70302172554054
"Waiakahiula, Kaʻohe",Puna,Hawaiʻi,1431,136388554.62909085,10.492082740312116
Ponahawai,Hilo,Hawaiʻi,1343,13772739.598253904,97.51146388989045
Makaʻehu,Kula,Maui,1311,28867457.65187229,45.41445997115617
Hōlualoa 1-2,Kona,Hawaiʻi,1231,30892632.57653141,39.8476885047074
Waimea,Kona,Kauaʻi,1223,539153221.0885946,2.268371869374466
Honouliuli,ʻEwa,Oʻahu,1153,177786441.30768,6.485308955617151
"Waimea, Waikoloa",Kohala,Hawaiʻi,1119,417554875.33410025,2.6798872821318374
Waikahekahe,Puna,Hawaiʻi,1114,11770000.230247758,94.6474068145834
"Lanihau 1-2, Moeauo",Kona,Hawaiʻi,1084,15946670.027374702,67.97657430292102
Waikahekahenui,Puna,Hawaiʻi,1057,16851974.609332144,62.722620019535476
Kahuku,Kaʻū,Hawaiʻi,988,888555493.907005,1.111917046008837
Kōloa,Kona,Kauaʻi,948,35391405.71717191,26.786164064119966
Waiʻanae,Waiʻanae,Oʻahu,831,150966170.41784108,5.504544479733275
Kamananui,Waialua,Oʻahu,811,89291449.21565528,9.08261661249652
"Lālāmilo, Keanuʻiʻomanō",Kohala,Hawaiʻi,810,51991667.42582425,15.579419551327435
ʻŌmaʻopio,Kula,Maui,667,17020494.945259187,39.18804959228187
Lāwai,Kona,Kauaʻi,649,13949920.576948851,46.52356236869345
Hāmākualoa,Hāmākualoa,Maui,644,11186016.980275035,57.57187756246064
Kīlauea,Koʻolau,Kauaʻi,642,15246192.988392724,42.10887271916139
"Kealakekua, Kīloa 1",Kona,Hawaiʻi,632,56123012.943226516,11.260977749703583
Paeahu,Kula,Maui,630,21980446.492514655,28.661838157589006
Keahialaka,Puna,Hawaiʻi,626,22975593.18552848,27.24630415175942
"Keʻekeʻe 1-2, Kanakau",Kona,Hawaiʻi,603,19365803.078108266,31.137360922648792
ʻAnaehoʻomalu,Kohala,Hawaiʻi,591,3493518.083159972,169.17044249715923
Wailuku,Pūʻali Komohana,Maui,578,113997075.82411388,5.070305495307585
Kealakehe,Kona,Hawaiʻi,575,14299920.849803345,40.210012771357924
Waikahekaheiki,Puna,Hawaiʻi,568,15569626.098506495,36.481287116746174
Haʻikū,Hāmākualoa,Maui,517,21296118.9715876,24.27672388052302
Nāwiliwili,Puna,Kauaʻi,506,10529641.52504155,48.05481732655693
Waiohuli,Kula,Maui,458,44332205.777497806,10.33108982437486
"Laupāhoehoe, Welokā",Hilo,Hawaiʻi,450,78878886.6859281,5.704948673930503
Hōlualoa 4,Kona,Hawaiʻi,446,3050629.4606683496,146.19933549789025
Pūpūkea,Koʻolauloa,Oʻahu,446,8264963.954797878,53.962727779483345
Puua,Puna,Hawaiʻi,438,19724260.675731003,22.206155515827323
"Kalua, Pakiloa, ʻŌuhi, Kaao",Hāmākua,Hawaiʻi,433,6260780.443809278,69.16070670201422
Hanapēpē,Kona,Kauaʻi,421,67059003.54688315,6.2780533221861115
Waimānalo,Koʻolaupoko,Oʻahu,416,28766062.340596814,14.461485728371997
"Kiolakaʻa, Puʻumakaʻā",Kaʻū,Hawaiʻi,414,52726887.56876774,7.851781493076956
Waikīkī,Kona,Oʻahu,409,75382729.80688062,5.4256459144925815
Honolulu,Kona,Oʻahu,393,33630112.86605624,11.68595542825743
"Honalo, Māʻihi 1-2",Kona,Hawaiʻi,385,81132495.81278145,4.745324251929987
Anahola,Koʻolau,Kauaʻi,375,25524797.85168243,14.691595294075265
Piʻihonua,Hilo,Hawaiʻi,348,228348237.62388143,1.523988114036598
Kaʻauhuhu,Kohala,Hawaiʻi,335,6524825.610771323,51.3423683610754
Punahoa 2,Hilo,Hawaiʻi,335,23192789.87946935,14.444144138801848
Kaloko,Kona,Hawaiʻi,334,17450265.294316143,19.140110156880517
"Puaʻa 2-3, Waiʻaha 1",Kona,Hawaiʻi,319,8687119.838831853,36.72103135656703
ʻŌuli,Kohala,Hawaiʻi,314,15592199.508154094,20.13827490058671
Nienie,Hāmākua,Hawaiʻi,308,44445832.912745714,6.929783509843393
Waipouli,Puna,Kauaʻi,308,11820415.645965062,26.056613339577176
Kūkūau 2,Hilo,Hawaiʻi,303,17423964.867719356,17.389842225942232
Weliweli,Kona,Kauaʻi,289,6952585.767799787,41.56726858925997
Punahoa 1,Hilo,Hawaiʻi,282,3829697.588096887,73.63505694979322
Kamaʻole,Kula,Maui,277,32765719.266130764,8.453957556986367
"Kaumalumalu, Pāhoehoe",Kona,Hawaiʻi,276,19403327.71200542,14.224364196520296
Keʻei 2,Kona,Hawaiʻi,275,27437396.4110592,10.022816883935667
Kahaluʻu,Koʻolaupoko,Oʻahu,266,9851632.90219521,27.00060006709426
Kaʻalaea,Koʻolaupoko,Oʻahu,265,5389621.098450819,49.168577003710155
Keauhou,Kaʻū,Hawaiʻi,265,258181007.30066347,1.0264116743932117
Waiakoa,Kula,Maui,265,24937050.501852248,10.626757963228915
Kaūmana,Hilo,Hawaiʻi,264,11204464.362372177,23.56203665447749
Wahikuli,Lāhainā,Maui,259,9749559.73568699,26.565302128665802
"Alaeakila, Kaapahu",Hāmākua,Hawaiʻi,258,20158338.96418446,12.79867356424512
"Keauohana, Kehena",Puna,Hawaiʻi,258,11047076.70310275,23.35459478864092
South Olohena,Puna,Kauaʻi,254,4862162.1048883265,52.240134022811205
Pāʻauʻau 2,Kaʻū,Hawaiʻi,253,13756626.143067818,18.391137286775123
Wainiha,Haleleʻa,Kauaʻi,250,61233907.95553299,4.082705291021858
"Honomū, Kuhua",Hilo,Hawaiʻi,245,16656494.40095838,14.708977417595339
Waikapū,Pūʻali Komohana,Maui,245,63177387.52465115,3.8779697863322315
Wainaku,Hilo,Hawaiʻi,232,1605894.3754364746,144.46778290567428
Haʻikū,Puna,Kauaʻi,213,50145609.780081354,4.247630070391667
Paʻalaʻa,Waialua,Oʻahu,209,64150832.058502704,3.257946830828341
Hauʻula,Koʻolauloa,Oʻahu,206,6314345.8928887,32.62412346336617
Kalihiwai,Haleleʻa,Kauaʻi,204,34603512.65141159,5.895355250637486
Kawaipapa,Hāna,Maui,193,61039793.1110861,3.161871791550145
Kaipapaʻu,Koʻolauloa,Oʻahu,191,6555930.579328541,29.133926555330035
Kalopā,Hāmākua,Hawaiʻi,191,33706899.43943949,5.666495678226527
Paʻauilo,Hāmākua,Hawaiʻi,189,3430099.2202850156,55.10044691485499
Ulumalu,Hāmākualoa,Maui,187,6082189.4248874,30.74550740475531
Heʻeia,Koʻolaupoko,Oʻahu,186,17051961.57460716,10.90783598040597
Kamehamenui,Kula,Maui,185,21534502.647107754,8.590864763939505
Kaʻawaloa,Kona,Hawaiʻi,180,9179124.027792588,19.609714331672095
Pūlehuiki,Kula,Maui,178,3900329.9372119466,45.637164769511486
Hanalei,Haleleʻa,Kauaʻi,176,68134518.72834247,2.5831253127614424
Mākaha,Waiʻanae,Oʻahu,176,24075856.489784855,7.310227990213974
Hōnaunau,Kona,Hawaiʻi,174,28531871.399893492,6.098443300871233
Kahaluʻu,Kona,Hawaiʻi,174,20625303.064000208,8.436239674155523
"Puehuehu, Laʻaumama",Kohala,Hawaiʻi,174,3028972.9794074385,57.445213669103055
ʻOʻoma 1,Kona,Hawaiʻi,172,8085514.644433025,21.272610039538307
Hōlualoa 3,Kona,Hawaiʻi,171,1351198.3225539923,126.55433117825459
Keauhou 1,Kona,Hawaiʻi,171,22022504.320382513,7.764784491005148
Aʻapueo,Kula,Maui,170,9611343.662887843,17.68743330408825
"Mokuhonua, Halepuna",Hilo,Hawaiʻi,169,772340.290734522,218.81546518734018
"Anapuka, Hoʻopūloa",Kona,Hawaiʻi,166,53036496.49249569,3.1299201677751824
Paumalū,Koʻolauloa,Oʻahu,163,8980357.200616796,18.150725673674174
Wahiawa,Kona,Kauaʻi,161,23591601.472960114,6.824462518347162
ʻEleʻele,Kona,Kauaʻi,158,4812284.22134153,32.83264095235714
Kaʻaʻawa,Koʻolauloa,Oʻahu,157,8840235.613968477,17.75970764307729
Honokōhau 1-3,Kona,Hawaiʻi,154,15012313.68383159,10.258245547177683
Kūkūau 1,Hilo,Hawaiʻi,153,18491626.47505202,8.274015279641299
Pāʻauhau,Hāmākua,Hawaiʻi,150,34319998.516532935,4.370629559547932
Kāneʻohe,Koʻolaupoko,Oʻahu,148,32934802.839866973,4.493726612531857
"Kāhei, Hualua",Kohala,Hawaiʻi,147,6461781.751830548,22.74914344768091
Waiheʻe,Pūʻali Komohana,Maui,146,26150229.263904806,5.58312504745509
ʻĀinakea,Kohala,Hawaiʻi,144,2179226.8202452194,66.07848190111586
Pāpā 2,Kona,Hawaiʻi,140,13953319.358683258,10.033454864836655
Waiehu,Pūʻali Komohana,Maui,140,13984363.412820429,10.011181479426684
"Kīkala 1-2, Kēōkea",Puna,Hawaiʻi,139,12584465.40764568,11.04536390680137
"Namoku, Papuaʻa",Hāmākua,Hawaiʻi,139,1672162.0663614648,83.12591392678615
Kawaihae 1,Kohala,Hawaiʻi,138,52644349.23766944,2.621363964002706
Paʻuwela,Hāmākualoa,Maui,137,2317240.1404536776,59.12205541769083
Peahi,Hāmākualoa,Maui,136,8673007.240120675,15.680835520449502
Pūlehunui,Kula,Maui,135,69846819.47574648,1.9328009637844314
Waiomao,Kaʻū,Hawaiʻi,133,5060837.193351664,26.280236830127603
Kaʻohe 4,Kona,Hawaiʻi,132,3859817.8310665786,34.1985051567899
Honokeana,Kāʻanapali,Maui,131,2245623.464904964,58.33569253585618
"Kaiwiki, Maumau",Hilo,Hawaiʻi,131,9816029.255705073,13.345518497091158
North Olohena,Puna,Kauaʻi,130,3849378.3818699196,33.77168651756434
Kaunala,Koʻolauloa,Oʻahu,128,5194826.832900915,24.63989736661188
Hāwī,Kohala,Hawaiʻi,126,1285866.6234778464,97.98838985276049
Ohanaula,Kohala,Hawaiʻi,121,2530233.04088217,47.82168205258009
Niumalu,Puna,Kauaʻi,118,9578230.759949703,12.31960295771989
Kawela,Kona,Molokaʻi,115,32841348.788595974,3.501683220755333
ʻAlae 3-4,Kula,Maui,113,3607981.5233788844,31.31945085300082
ʻAliomanu,Koʻolau,Kauaʻi,112,5891744.365216142,19.009650293252534
Hakalau,Hilo,Hawaiʻi,111,53869476.51011809,2.0605360807460475
ʻAiea,ʻEwa,Oʻahu,109,4773448.015187923,22.83464691627292
Kahuā 2,Kohala,Hawaiʻi,107,21847045.150126442,4.897687502576555
"Pāʻauʻau 1, Palima",Kaʻū,Hawaiʻi,107,6030091.798952591,17.744340147290227
Mokulēʻia 1,Waialua,Oʻahu,105,11285321.968497843,9.304120900856871
Keauhou 2,Kona,Hawaiʻi,100,505025786.2127951,0.19800969124745743
Waiʻoli,Haleleʻa,Kauaʻi,100,14035967.407444833,7.124553448803172
Kohanaiki,Kona,Hawaiʻi,98,6867281.366947755,14.27056716675019
"Makapala, Niuliʻi",Kohala,Hawaiʻi,98,16690306.854926098,5.8716715547429
Kāwala,Kaʻū,Hawaiʻi,97,8077675.660630239,12.008404902015071
Lāʻiewai,Koʻolauloa,Oʻahu,97,13719327.403339252,7.070317454220856
Nānākuli,Waiʻanae,Oʻahu,96,14019594.590382824,6.847558920559242
"Wailau, Nīnole, Kaʻa",Kaʻū,Hawaiʻi,96,148133333.67661646,0.6480648049788272
ʻOʻōkala,Hilo,Hawaiʻi,95,4568884.444849348,20.79282178105787
Keālia,Puna,Kauaʻi,91,26952317.72472088,3.3763330088875465
Palauhulu 1-2,Kaʻū,Hawaiʻi,91,1541793.5862142444,59.022167956635165
Puapuaʻa 2,Kona,Hawaiʻi,90,1693533.5389211485,53.14332307663287
Kalapakī,Puna,Kauaʻi,87,12127060.558451472,7.174038554575273
Waiheʻe,Koʻolaupoko,Oʻahu,87,5278760.073462881,16.481143069442016
Keʻei 1,Kona,Hawaiʻi,86,4818860.072275452,17.846544350766145
Kapaeloa,Waialua,Oʻahu,85,7799589.983034842,10.898008765189765
Kaʻieʻie,Hilo,Hawaiʻi,85,2177736.413390411,39.03135360062592
Kaʻonoʻulu,Kula,Maui,83,23326585.59306305,3.5581718408322414
Kahuā 1,Kohala,Hawaiʻi,80,16089809.379552603,4.972091223260005
Kapaʻau,Kohala,Hawaiʻi,79,4885007.042231012,16.171931650669684
Kēōkea,Kula,Maui,79,21168596.724419903,3.731943171691977
Kaluako‘i,Kona,Molokaʻi,78,206172874.34463015,0.37832328936549814
Waipake,Koʻolau,Kauaʻi,77,2846213.897469803,27.053483249607712
Waiʻōhinu,Kaʻū,Hawaiʻi,76,61961488.00686118,1.226568348255037
Keonepokonui,Puna,Hawaiʻi,74,12554995.478789598,5.894068231646563
Papaʻanui,Hāmākua,Hawaiʻi,72,1939932.6130412184,37.114691260912466
Puʻuʻeo,Hilo,Hawaiʻi,71,12341334.585069012,5.753024481314877
"Kaulana, Awalua, ʻŌhiki",Kona,Hawaiʻi,70,21157612.004175678,3.3085019229100503
Kaʻohe,Hāmākua,Hawaiʻi,70,77790357.16498494,0.8998544620580359
Moloaʻa,Koʻolau,Kauaʻi,70,11098975.915234122,6.306888179108497
Kalihikai,Haleleʻa,Kauaʻi,69,9808776.094887165,7.034516776865396
Waiāhole,Koʻolaupoko,Oʻahu,69,10966502.574023854,6.291887457669411
Kawailoa,Waialua,Oʻahu,68,48022504.73497718,1.4160027756834646
Kamehameiki,Kula,Maui,67,1802138.2710494092,37.178057353493195
Lāʻiemaloʻo,Koʻolauloa,Oʻahu,66,12158918.971861392,5.428114140141864
"Kahoahuna, Paʻana",Hilo,Hawaiʻi,65,5455217.240831535,11.915199180975621
Kailua,Koʻolaupoko,Oʻahu,65,45823910.29671422,1.4184734471396867
East Waiakalua,Koʻolau,Kauaʻi,64,2119564.236179659,30.19488577300906
Halelua,Kohala,Hawaiʻi,64,3033130.9176078923,21.100309132213198
ʻAlaeloa,Kāʻanapali,Maui,64,3385342.62264331,18.905028865299354
Maulili,Kohala,Hawaiʻi,63,824607.5893728435,76.39997595452006
Hanakaʻōʻō,Lāhainā,Maui,60,14241074.863268627,4.2131651280589315
Kahauloa 2,Kona,Hawaiʻi,60,19822444.79092088,3.026871843148295
Waiohonu,Hāna,Maui,58,6049458.58134147,9.58763486353823
Honopou,Hāmākualoa,Maui,57,23001801.84324564,2.47806673531264
Aleamai,Hilo,Hawaiʻi,55,2871660.31264285,19.152683121278482
East Kaupakulua,Hāmākualoa,Maui,55,4531307.919791818,12.1377758858036
Kahakuloa,Kāʻanapali,Maui,55,41889271.59155532,1.3129853518648373
Kaimū,Puna,Hawaiʻi,55,19751310.049947098,2.7846254178034795
Pāpā 1,Kona,Hawaiʻi,55,7004619.930958139,7.851960640564938
Haina,Hāmākua,Hawaiʻi,54,1610589.9977630377,33.52808602748128
Kēōkea,Kona,Hawaiʻi,54,18272969.086486273,2.9551847728968994
Waikoekoe,Hāmākua,Hawaiʻi,53,21405833.66769132,2.4759605639650943
"ʻŌlelomoana 1-4, Opihihali",Kona,Hawaiʻi,53,26113215.358144112,2.0296236703562633
Hāʻena,Haleleʻa,Kauaʻi,52,7475958.1997676315,6.955630115965104
"Kukuihala, Kamāʻili",Puna,Hawaiʻi,51,11234290.014890913,4.539672728085186
Kāhili,Koʻolau,Kauaʻi,51,7545786.673024957,6.75873864580843
"Puaʻakuloa, Kapena",Hilo,Hawaiʻi,50,6975815.9311618,7.167620317595258
Waikā,Kohala,Hawaiʻi,50,10974186.242486427,4.556146478216819
Keālia 1,Kona,Hawaiʻi,49,25683057.223588433,1.9078725547905673
Kapaka,Koʻolauloa,Oʻahu,48,928624.5806255788,51.689348959150145
"Kaupakuea, Makea",Hilo,Hawaiʻi,48,7213976.0755402045,6.65375092700257
Nāmāhana,Koʻolau,Kauaʻi,47,1584787.9436055766,29.656964636586988
Kulaʻimano,Hilo,Hawaiʻi,46,1431584.4086007052,32.132230362135935
Kawela,Hāna,Maui,45,8488010.21204342,5.301595883585373
Kokoiki,Kohala,Hawaiʻi,45,1672914.116102499,26.899169280034254
Waʻawaʻa,Puna,Hawaiʻi,45,3438747.4833978117,13.086160067658033
Maunalua,Kona,Oʻahu,44,30283886.11545379,1.4529178927781965
Opihikao,Puna,Hawaiʻi,44,4712499.518311903,9.336870980893288
ʻAlae 1-2,Kula,Maui,44,8133180.843820961,5.409937494925889
Hāliʻimaile,Hāmākuapoko,Maui,43,16720241.827504907,2.571733139006681
Koʻolau,Koʻolau,Maui,43,78572520.80594984,0.547265119649106
Halaʻula,Kohala,Hawaiʻi,42,2454704.683626236,17.11000116639493
Mākao,Koʻolauloa,Oʻahu,42,579210.9160172371,72.5124455333126
"Pihā, Kahuku",Hilo,Hawaiʻi,42,20263470.576263413,2.072695288890873
Kaʻohe 1-3,Kona,Hawaiʻi,41,8516499.005936038,4.814184792533037
Kualoa 2,Koʻolaupoko,Oʻahu,40,1096035.2284424491,36.49517730998765
Kahana,Kāʻanapali,Maui,39,12379052.423351277,3.1504834672508686
Mokulēʻia 2,Waialua,Oʻahu,39,9430594.928113878,4.1354761069989054
Waipiʻo,ʻEwa,Oʻahu,39,70720999.7721237,0.5514627921786358
Hāmākuapoko,Hāmākuapoko,Maui,38,24884355.826936066,1.5270638414062103
Kalihi,Kona,Oʻahu,38,16097902.328160333,2.3605560044631377
Papaʻa,Koʻolau,Kauaʻi,38,6008519.658623546,6.324353111745527
Kolo,Kona,Hawaiʻi,37,3748929.459309295,9.869484182510305
Paukaʻa,Hilo,Hawaiʻi,37,34726766.165468395,1.0654605679002747
ʻŌpana,Hāmākualoa,Maui,37,6520681.679362706,5.674253370947586
Kaluanui,Koʻolauloa,Oʻahu,36,6639236.553089962,5.42231018764428
Launiupoko,Lāhainā,Maui,36,15730814.323873207,2.2885019973420015
Hanamāʻulu,Puna,Kauaʻi,35,73873310.66418923,0.4737840999045217
Kikahi,Waialua,Oʻahu,35,3905367.7450238448,8.962024138340473
Kukuihaele,Hāmākua,Hawaiʻi,35,2747878.155373551,12.737100417482683
ʻAlae,Hilo,Hawaiʻi,35,4101259.4876748556,8.533963799457785
"Halepuaʻa, Kanekiki",Puna,Hawaiʻi,34,6713857.779444862,5.0641525508768375
Honopueo,Kohala,Hawaiʻi,34,3297262.6168324575,10.311583865486087
Kaʻapoko,Hilo,Hawaiʻi,34,560357.4040306006,60.6755612675786
Puʻuanahulu,Kona,Hawaiʻi,34,287917464.9910665,0.11808939760238216
Waipiʻo,Hāmākua,Hawaiʻi,34,48819347.50159308,0.6964451951941902
Kapoho,Puna,Hawaiʻi,33,17014550.80889341,1.9395163804589592
Waikane,Koʻolaupoko,Oʻahu,33,9129178.700142637,3.6147830033696677
Kaiwikinui,Hilo,Hawaiʻi,32,22221963.922940936,1.4400167379879807
Kukuipahu,Kohala,Hawaiʻi,32,10545303.661681855,3.0345261764511737
Punaluʻu,Koʻolauloa,Oʻahu,32,15067342.443403818,2.123798547766395
Wailea,Hilo,Hawaiʻi,32,1071284.3151516772,29.870688432014703
Kalamaʻula,Kona,Molokaʻi,32,28291624.836814173,1.131076782778497
"Kamāʻoa, Puʻuʻeo, Ke",Kaʻū,Hawaiʻi,31,59428431.0941589,0.5216358471736086
Pāhoa,Kohala,Hawaiʻi,31,3094703.375786632,10.017115127268124
West Waiakalua,Koʻolau,Kauaʻi,31,1334583.3604654074,23.22822306820116
Kamiloloa (Government),Kona,Molokaʻi,31,5993442.37775258,5.172319686441097
Honomakaʻu,Kohala,Hawaiʻi,30,1464088.6595863253,20.49056237378167
Kalaoa,Hilo,Hawaiʻi,30,2316486.047586735,12.950649986108637
"Kaʻalaʻala, Kanaio",Kaʻū,Hawaiʻi,30,63330520.011651665,0.47370525292513854
Nāpili 2-3,Kāʻanapali,Maui,30,2034380.3193125147,14.74650522088122
"Apuakohau, Kukuiwaluhia",Kohala,Hawaiʻi,29,4760620.576127797,6.0916427882156645
Onomea,Hilo,Hawaiʻi,29,11813829.45929118,2.454750180703893
Paihaʻaloa,Hilo,Hawaiʻi,29,863833.8774127285,33.57126961361829
Pueopaku,Hilo,Hawaiʻi,29,1491010.5771401292,19.44989555716244
"Kapulena, Haukoʻi, K",Hāmākua,Hawaiʻi,27,3593983.2105273604,7.512555963231162
Kealahewa,Kohala,Hawaiʻi,27,2987365.1946670115,9.038064729481315
ʻOʻoma 2,Kona,Hawaiʻi,27,6822185.711196527,3.9576759037338687
"Makuʻu, Pōpōkī, Hālo",Puna,Hawaiʻi,26,34107965.631794326,0.7622852761339612
Kamaʻeʻe,Hilo,Hawaiʻi,25,13366044.48322891,1.8704112522870047
Koholālele,Hāmākua,Hawaiʻi,25,30062274.150414005,0.8316070791888415
Kīkoʻo,Kīpahulu,Maui,25,3222354.750470874,7.75830159492738
"Lepoloa, Kaluakailio",Hilo,Hawaiʻi,25,1163766.8273321232,21.4819665012374
ʻIole,Kohala,Hawaiʻi,25,3856496.397982307,6.482567963263192
"Keoniki, Kauniho, Wa",Kohala,Hawaiʻi,24,7225054.57889379,3.3217742147042135
Wailuanui,Koʻolau,Maui,24,9263596.911479939,2.590786303564
Kanahonua,Hāmākua,Hawaiʻi,23,1741165.4347966388,13.209543183176221
"Pāhoehoe A 1-4, Mau",Kona,Hawaiʻi,23,10924535.062298983,2.105352755869121
Hakipuʻu,Koʻolaupoko,Oʻahu,22,4773198.427233527,4.609068811067815
Kalalau,Hilo,Hawaiʻi,22,5664650.223158716,3.883734940960288
Kaʻūpūlehu,Kona,Hawaiʻi,22,74124807.74128482,0.296796722586935
Paʻalaea,Hāmākua,Hawaiʻi,22,591966.8510793522,37.164243166465646
"Hālawa, Napapaʻa",Kohala,Hawaiʻi,21,6912172.492801648,3.038118626505552
"Kahilipaliiki, Kah",Kaʻū,Hawaiʻi,21,6186312.79871806,3.39459071716381
Kainehe,Hāmākua,Hawaiʻi,21,2054593.8695785776,10.220998081877543
Kauhakō,Kona,Hawaiʻi,21,2835776.9674841315,7.405377870260001
Kaʻauhuhu,Hāmākua,Hawaiʻi,21,1258606.232727766,16.685123157611326
"Kulanakiʻi, Kahīnano",Hilo,Hawaiʻi,21,7361825.815678427,2.852553228748832
Mohopilo,Honuaʻula,Maui,21,9868513.772363106,2.1279800063521987
Haleʻaha,Koʻolauloa,Oʻahu,20,293361.4762452543,68.17527732673298
Haneoʻo,Hāna,Maui,20,3073091.0578009356,6.508105234705197
Keʻanae,Koʻolau,Maui,20,47633088.60456026,0.41987619501300305
Kukuikea,Hilo,Hawaiʻi,20,537335.7571528233,37.22067577630389
Kahanui,Kona,Molokaʻi,20,19671119.264427975,1.0167189640381447
Hanehoi,Hāmākualoa,Maui,19,3101328.3234708547,6.126407145031369
Kapuʻa,Kohala,Hawaiʻi,19,906686.1420020545,20.955432227127773
Keaʻā,Hāmākua,Hawaiʻi,19,3500838.795921661,5.427270750693877
Keonepokoiki,Puna,Hawaiʻi,19,18860310.003593937,1.007406558873075
Malaekahana,Koʻolauloa,Oʻahu,19,13361988.334939294,1.4219440642915604
Moaliʻi,Lāhainā,Maui,19,649203.2500986867,29.266643377265552
Pahipahiʻālua,Koʻolauloa,Oʻahu,19,2886554.842792794,6.582241126455493
Wākiu,Hāna,Maui,19,4534747.788697821,4.189869180234158
Kapālama,Kona,Oʻahu,18,5492609.045604151,3.277131113929504
Kukuiopaʻe 1-2,Kona,Hawaiʻi,18,14508963.360939056,1.2406124098748152
Kukuiʻula,Kīpahulu,Maui,18,4198446.982103592,4.287299584043162
"Opea, Peleau, ʻAwa",Hilo,Hawaiʻi,18,5693543.620624522,3.1614757345137527
Hauola,Hāmākua,Hawaiʻi,17,3074304.072283838,5.529706756485882
Honokōhau,Kāʻanapali,Maui,17,35682493.988098025,0.47642409764492327
Keālia 2,Kona,Hawaiʻi,17,7546548.516208872,2.2526854446753384
Naholoku,Kaupō,Maui,17,50249139.45033376,0.33831425146698874
"Niupea, Kealakaha",Hāmākua,Hawaiʻi,17,14753169.756426752,1.1522947461913726
Waiʻono,Koʻolauloa,Oʻahu,17,1846353.3149070088,9.207338521152005
Pūkoʻo 1,Kona,Molokaʻi,17,2024157.9878517687,8.398553918235423
"Au 1-2, Āhualoa",Hāmākua,Hawaiʻi,16,4122716.044368569,3.8809366999347987
Hamanamana,Kona,Hawaiʻi,16,3518078.673773043,4.547936951859135
"Makahanaloa, Pepeʻekeo",Hilo,Hawaiʻi,16,28264349.40632913,0.5660841426060627
Olowalu,Lāhainā,Maui,16,21841982.73819424,0.7325342296888374
Pohoiki,Puna,Hawaiʻi,16,2696303.4113952774,5.934050275046885
Waiawa,ʻEwa,Oʻahu,16,41025674.566749305,0.38999968115010014
Kahua,Hilo,Hawaiʻi,15,1834664.6590788201,8.175881039498226
Kapoaula,Hāmākua,Hawaiʻi,15,6643474.255309053,2.2578547644725093
"Kaunāmano, Napauku",Kaʻū,Hawaiʻi,15,18573508.841615763,0.807601844536291
Kaʻohe 5,Kona,Hawaiʻi,15,593211.1459972113,25.286106138117834
"Koloaha, Kulihaʻi",Hāmākua,Hawaiʻi,15,3758293.7084861803,3.9911729001195906
Pīlaʻa,Koʻolau,Kauaʻi,15,5966397.900153905,2.514079726330869
Honokahua,Kāʻanapali,Maui,14,13809879.484504722,1.0137669930942266
Hōʻaeʻae,ʻEwa,Oʻahu,14,13299364.730463684,1.0526818599035361
Keaaula,Hāmākualoa,Maui,14,775344.4818598134,18.056490150569328
Kuikuiloloa,Waialua,Oʻahu,14,12476623.28540203,1.1220984780698124
Makaua 1,Koʻolauloa,Oʻahu,14,156692.38848953322,89.34703296666626
Makaweli,Kona,Kauaʻi,14,153205782.1017653,0.09138036311645634
Polanui,Lāhainā,Maui,14,1471068.9910783814,9.516888796450779
Punanue,Waialua,Oʻahu,14,10105224.138572052,1.3854220161788822
Waikele,ʻEwa,Oʻahu,14,24494245.54320346,0.5715628176955485
West Kaupakulua,Hāmākualoa,Maui,14,3407140.5314345732,4.109017479858782
Makakupa‘ia,Kona,Molokaʻi,14,10733239.639407165,1.3043592121617131
‘Ualapu‘e,Kona,Molokaʻi,14,2849544.6665495113,4.913065643204139
Honoipu,Kohala,Hawaiʻi,13,2123565.515367114,6.121779575871766
Honokua,Kona,Hawaiʻi,13,28826543.2711758,0.45097325328628435
Palauea,Honuaʻula,Maui,13,8541402.953215173,1.5219982093347455
Puʻuomāile,Koʻolau,Maui,13,876710.4576991666,14.82815664605749
Waipunalei,Hilo,Hawaiʻi,13,9615725.39181672,1.3519520858055494
Honomainoa,Hilo,Hawaiʻi,12,418490.8380049607,28.67446288001592
Kalialinui,Kula,Maui,12,81036992.18487649,0.14808052071606254
Kapano,Koʻolauloa,Oʻahu,12,314618.8098650016,38.14139404172633
Kapāpala,Kaʻū,Hawaiʻi,12,750094728.9098635,0.015997979371805453
Puʻuwaʻawaʻa,Kona,Hawaiʻi,12,162873479.10431072,0.07367681998316447
Waiea,Kona,Hawaiʻi,12,10710769.216482889,1.1203677119224176
Hoʻolehua,Kona,Molokaʻi,12,16095544.83966621,0.7455479214612816
Alakahi,Hilo,Hawaiʻi,11,4231318.8980521085,2.599662248350948
Kākiʻo,Hāna,Maui,11,5432016.638960442,2.02503061590495
Puumoi,Hilo,Hawaiʻi,11,2958911.05636961,3.7175838646181814
Pāpaʻikou,Hilo,Hawaiʻi,11,57056844.64313616,0.19279019140998505
ʻAlikā,Kona,Hawaiʻi,11,19809644.308491386,0.5552850838056118
East Hanawana,Hāmākualoa,Maui,10,866615.583417803,11.53914168097634
Honokalani,Hāna,Maui,10,1195707.0249939933,8.363252695659487
Honolua,Kāʻanapali,Maui,10,16716782.656440198,0.5982012331869054
Hālawa,ʻEwa,Oʻahu,10,35165398.142223075,0.28437044732313166
Kahana,Koʻolauloa,Oʻahu,10,21583226.474193033,0.46332275723265726
Malanahae,Hāmākua,Hawaiʻi,10,3073101.7636798695,3.2540412810884445
Mokupapa,Hāmākualoa,Maui,10,795958.0354423374,12.563476407952468
"Weha, Mahakuolo",Hāmākua,Hawaiʻi,10,7119998.6131615965,1.4044946555908884
Nāʻiwa,Kona,Molokaʻi,10,24998687.915047824,0.40002099446109546
Kahaliʻi,Hilo,Hawaiʻi,9,553654.3113653644,16.255630662037365
Kamoku,Hāmākua,Hawaiʻi,9,27397239.21465603,0.32850025250666465
Kaueleau,Puna,Hawaiʻi,9,9260339.21419236,0.9718866438722499
Kualoa 1,Koʻolaupoko,Oʻahu,9,1481023.6883865297,6.076877818075187
Mūʻolea,Hāna,Maui,9,3984130.867237687,2.25896194173962
Puakea,Kohala,Hawaiʻi,9,2346242.0736466795,3.8359213233320055
Waipiʻoiki,Hāmākualoa,Maui,9,1015859.3405575305,8.859494263310669
Waipiʻonui,Hāmākualoa,Maui,9,773849.7348978538,11.630164868103208
Haʻikū,Hilo,Hawaiʻi,8,859733.8677545488,9.305205133879841
Hoʻokena,Kona,Hawaiʻi,8,17566990.675872922,0.4553995700007663
Kahilipalinui,Kaʻū,Hawaiʻi,8,10144726.357601978,0.7885870666196115
Kaiaʻakea,Hilo,Hawaiʻi,8,647205.4481444664,12.360835377600646
Kalāhiki,Kona,Hawaiʻi,8,10366722.330799434,0.7717000363974325
Kuilei 1-2,Hāmākua,Hawaiʻi,8,1588107.6250134706,5.037441968035473
Lauhulu,Waialua,Oʻahu,8,12663640.80405873,0.6317298574542622
Makaua 2,Koʻolauloa,Oʻahu,8,194851.5834090626,41.05688986476011
Kamiloloa,Kona,Molokaʻi,8,9350130.734500706,0.8556030099644588
Pālāʻau,Kona,Molokaʻi,8,47742143.0434623,0.16756683906537584
Kaʻakaʻaniu,Koʻolau,Kauaʻi,7,555346.3304251865,12.60474701370698
Kula,Puna,Hawaiʻi,7,13466955.395069534,0.5197908357640222
Laimi,Hilo,Hawaiʻi,7,1458905.41063545,4.79811778678032
Makaʻula,Kona,Hawaiʻi,7,1141987.072335139,6.129666586931126
Opihilala,Hāmākua,Hawaiʻi,7,1790820.6085404754,3.90882256247041
Pūehuehunui,Lāhainā,Maui,7,2259924.0598481186,3.0974492127272826
Ukumehame,Lāhainā,Maui,7,44386971.86205929,0.15770393217527415
Waialua,Kona,Molokaʻi,7,6006027.957137832,1.1654957402722188
Kanaio,Honuaʻula,Maui,6,36377124.07418055,0.1649388222049865
Kapuʻa,Kona,Hawaiʻi,6,62940378.61690423,0.09532831120257272
Kauhiula,Hilo,Hawaiʻi,6,526080.2112735668,11.405104908764457
Kawela,Kaʻū,Hawaiʻi,6,12390619.888640657,0.48423727415773743
Keaʻau,Waiʻanae,Oʻahu,6,7653741.835733452,0.783930282569431
Kou,Kohala,Hawaiʻi,6,2034013.0003621764,2.949833653438616
Kualapa,Honuaʻula,Maui,6,2858785.819749293,2.0987931164868385
Moanalua,Kona,Oʻahu,6,39944356.02238363,0.15020895559407138
Mokuoniki,Hilo,Hawaiʻi,6,1579692.4727830503,3.7982076279881216
Nanue,Hilo,Hawaiʻi,6,2291216.1359489528,2.618696641430111
"Opihipau, Hukiaʻa",Kohala,Hawaiʻi,6,3615881.856057754,1.6593462504722296
Paunau,Lāhainā,Maui,6,8730050.963427318,0.6872812112020557
Puʻuepa,Kohala,Hawaiʻi,6,3715794.846929679,1.6147285431965477
Waimalu,ʻEwa,Oʻahu,6,19585871.847133625,0.30634326859838484
Waipā,Haleleʻa,Kauaʻi,6,6741691.192212848,0.8899844013814284
West Honomāʻele,Hāna,Maui,6,3967605.219004195,1.5122472294524059
ʻUlaʻino,Koʻolau,Maui,6,1435566.4902854115,4.179534727651042
Haleohiu,Kona,Hawaiʻi,5,2864087.304596469,1.7457568391772424
Honuʻapo,Kaʻū,Hawaiʻi,5,8786291.080650836,0.5690683308923143
Iliʻililoa,Puna,Hawaiʻi,5,307699.27556632645,16.249632017486565
Kahuku,Koʻolauloa,Oʻahu,5,17234605.436291978,0.29011398134309413
Kaihuiki,Hilo,Hawaiʻi,5,545719.7786454391,9.162211441943287
Kawainui,Hilo,Hawaiʻi,5,3462984.701852046,1.4438412036085346
Kaʻakepa,Hilo,Hawaiʻi,5,1126837.0227867812,4.437198901784837
Papalele,Hāmākua,Hawaiʻi,5,1223753.8111517504,4.085789114147225
Pāhoa,Lāhainā,Maui,5,844015.5210878262,5.9240616731261655
ʻUpolu,Kohala,Hawaiʻi,5,2497771.4644466485,2.001784419099243
Kaʻamola,Kona,Molokaʻi,5,2738346.535247445,1.8259193771281346
Mapulehu,Kona,Molokaʻi,5,7229266.240017836,0.6916331248560662
Kalauao,ʻEwa,Oʻahu,4,10954107.586185029,0.36515982415990444
Keana,Koʻolauloa,Oʻahu,4,5893131.015200604,0.6787563333790635
Keauhou,Honuaʻula,Maui,4,3747218.987548273,1.0674582972843858
Kīpū Kai,Puna,Kauaʻi,4,4508305.818959323,0.8872512559326204
Kūkaʻiau,Hāmākua,Hawaiʻi,4,24952311.998539597,0.1603057865032351
"Māhukona, Hihiu, K",Kohala,Hawaiʻi,4,6568375.808063608,0.6089785537376585
Mālamalamaiki,Hilo,Hawaiʻi,4,1398617.1450473662,2.8599678004551663
Okoe 1-2,Kona,Hawaiʻi,4,5636161.530676404,0.7097028674974747
Papaʻanui,Honuaʻula,Maui,4,35879628.489966884,0.1114838745088604
Puaiki,Kohala,Hawaiʻi,4,1201457.3420348698,3.3292900713606097
Puaʻa 1,Kona,Hawaiʻi,4,3335921.4969970267,1.19906898396763
Pāpaʻa,Hilo,Hawaiʻi,4,198551.07874745887,20.14594947171091
Umauma,Hilo,Hawaiʻi,4,8806365.911308669,0.454216874507044
Waialeʻe,Koʻolauloa,Oʻahu,4,3112348.460925713,1.2852031352589197
Waikoloa,Hāmākua,Hawaiʻi,4,5722060.75242613,0.6990488519899088
West Hanawana,Hāmākualoa,Maui,4,1182240.0468886802,3.383407634115308
Kainalu,Kona,Molokaʻi,4,4827494.718493313,0.8285871312663853
Kūpeke,Kona,Molokaʻi,4,1285172.4503795207,3.1124227716045203
Honohina,Hilo,Hawaiʻi,3,28080330.385361966,0.1068363498160219
Honokaia,Hāmākua,Hawaiʻi,3,19617801.476878975,0.1529223345202938
"Hōʻea, Manowaikohau",Hāmākua,Hawaiʻi,3,17643371.50942249,0.1700355285495089
Kahikinui,Kahikinui,Maui,3,112035042.44313788,0.02677733622069734
Kalakalaula,Hāmākua,Hawaiʻi,3,592222.3063406872,5.065665321755363
"Kalala 1-2, Kokiʻo",Kohala,Hawaiʻi,3,15127420.532445394,0.19831536999752072
Kanahena,Honuaʻula,Maui,3,5276930.95173743,0.5685122711359809
Kawela,Hāmākua,Hawaiʻi,3,5336522.96986858,0.5621637940919197
"Kehena 1, Kipi",Kohala,Hawaiʻi,3,5683913.327753508,0.5278053740460026
"Kūkiʻo, Maniniʻōwali",Kona,Hawaiʻi,3,11663955.002681367,0.2572026383255375
Lanikepu,Kohala,Hawaiʻi,3,2369161.267930776,1.2662709122457494
Mailepai,Kāʻanapali,Maui,3,3520100.2294321717,0.8522484601195378
Mokae,Hāna,Maui,3,2733070.6607442126,1.0976664610577989
Punaluʻu,Kaʻū,Hawaiʻi,3,22436500.310556684,0.13371069277629088
Waikoko,Haleleʻa,Kauaʻi,3,1851422.8051752131,1.620375417011291
Waikākuʻu,Kona,Hawaiʻi,3,1000885.9630967826,2.997344463417067
Honomuni,Kona,Molokaʻi,3,3136215.6856272165,0.9565668629707225
Kalua‘aha,Kona,Molokaʻi,3,5867419.619791489,0.5112980141867902
Kapa‘akea,Kona,Molokaʻi,3,8826964.214574013,0.3398676971009766
Kapulei,Kona,Molokaʻi,3,8028758.602742083,0.37365676917666973
Aukuʻu,Waialua,Oʻahu,2,3914625.8183510937,0.5109045136892378
Honokōwai,Kāʻanapali,Maui,2,17486556.055426218,0.11437357897465374
Humuʻula,Hilo,Hawaiʻi,2,457767442.394527,0.004369030679722957
Kahuwai,Puna,Hawaiʻi,2,12483364.028169477,0.16021322421479317
Kaiholena,Kohala,Hawaiʻi,2,11297767.668354467,0.17702612221369057
"Kalapana, Kupahua",Puna,Hawaiʻi,2,26611945.36337797,0.07515422013274911
Kamano,Kohala,Hawaiʻi,2,1700469.1007866997,1.1761460405688797
Kapaʻanui,Kohala,Hawaiʻi,2,2758357.237197278,0.7250692452121131
Kapulena,Hāmākua,Hawaiʻi,2,7246194.934963256,0.2760069274909924
Kaʻala,Hāmākua,Hawaiʻi,2,9738596.131473541,0.20536840967624984
Keahuolū,Kona,Hawaiʻi,2,16468370.457976889,0.12144492408058791
Kealiʻiiki,Hāmākualoa,Maui,2,413070.3889963925,4.8417898093815355
Kiʻilae,Kona,Hawaiʻi,2,21619625.866374865,0.09250853887858496
Kiʻiokalani,Kohala,Hawaiʻi,2,2474235.521347314,0.808330485414309
Kuiaha,Hāmākualoa,Maui,2,1268461.6438927483,1.576713028438332
"Makanikahio 1-2, Auau",Kohala,Hawaiʻi,2,1418393.4702071324,1.4100459724394627
Nakula,Kaupō,Maui,2,30350268.714188892,0.06589727487536183
Panaʻewa,Lāhainā,Maui,2,6433490.203928969,0.31087324867279487
Waimea,Koʻolauloa,Oʻahu,2,23254529.70785043,0.08600474940264329
ʻAlaenui,Kīpahulu,Maui,2,33843409.29346024,0.05909570110557602
ʻĀʻāmanu,Hāmākua,Hawaiʻi,2,2217991.7141433414,0.9017166237577507
ʻŌiʻo 2,Koʻolauloa,Oʻahu,2,3016867.7561274767,0.662939234223262
Kahananui,Kona,Molokaʻi,2,1263504.0254369304,1.5828995869707525
Kamalō,Kona,Molokaʻi,2,15881817.607969122,0.12593017054902123
Pūkoʻo 2,Kona,Molokaʻi,2,407158.61748306826,4.912090556656756
Pūniuʻōhua 2,Kona,Molokaʻi,2,445057.645752646,4.493799891063009
East Honomāʻele,Hāna,Maui,1,3564954.5610058187,0.2805084841580307
Hāmoa,Hāna,Maui,1,621915.971585541,1.607934263933686
Hīleaiki,Kaʻū,Hawaiʻi,1,8433667.889503311,0.11857237125078368
"Kaipuhaʻa, Lamaloloa",Kohala,Hawaiʻi,1,16925811.759917356,0.05908136130688498
Kapunapuna,Kohala,Hawaiʻi,1,2002574.042400077,0.49935731654720944
Kau,Kona,Hawaiʻi,1,6260232.831867651,0.15973846769875877
Kaupalaoa,Kohala,Hawaiʻi,1,4048124.4455709457,0.24702797886910327
Kawaihae 2,Kohala,Hawaiʻi,1,42699972.28559074,0.02341921894730254
"Kaʻalāiki, Hiʻonaʻā",Kaʻū,Hawaiʻi,1,65694199.4440568,0.015222044083992069
Kaʻena,Waialua,Oʻahu,1,13272272.881208837,0.07534504518934515
Keālia,Waialua,Oʻahu,1,3394723.601097692,0.2945747923856445
Kuliʻouʻou,Kona,Oʻahu,1,4383608.639021687,0.2281225543490067
Kīkala,Hilo,Hawaiʻi,1,3391221.6198787866,0.2948789881906165
Manoloa,Hilo,Hawaiʻi,1,1500809.0732638482,0.6663072724002622
Mauluanui,Hilo,Hawaiʻi,1,38274912.92124003,0.026126774006194186
Maʻulili,Hilo,Hawaiʻi,1,125491.95421170443,7.968638358384347
Māhāʻulepū,Kona,Kauaʻi,1,11024826.879291784,0.09070437213652087
Mānana,ʻEwa,Oʻahu,1,9779780.337472524,0.10225178536662705
Pololū,Kohala,Hawaiʻi,1,7727815.36334331,0.12940267759805363
Puheʻemiki,Koʻolauloa,Oʻahu,1,76173.19316110946,13.127977947372623
Puʻuhaoa,Hāna,Maui,1,6028485.159315705,0.16587915099280268
Pāpaʻaʻea,Koʻolau,Maui,1,1489770.6389757916,0.6712442666258304
Pāʻā,Kona,Kauaʻi,1,15702382.894568076,0.0636846016757068
Pōhakulua,Kohala,Hawaiʻi,1,1378070.1053701267,0.7256524875644237
"Pōhakulua, Ahulua",Kohala,Hawaiʻi,1,3145374.181707032,0.3179271979199906
Ulupehupehu,Koʻolauloa,Oʻahu,1,1298963.427573854,0.7698446151542198
Waiau,ʻEwa,Oʻahu,1,9363715.084805908,0.10679521866514889
Wailua,Hilo,Hawaiʻi,1,1471813.017668941,0.6794341319142571
Waimano,ʻEwa,Oʻahu,1,12371676.415835273,0.08082978946329684
ʻĀʻamakaō,Kohala,Hawaiʻi,1,7061935.269023299,0.1416042432994865
ʻŌpana 2,Koʻolauloa,Oʻahu,1,322646.9183710867,3.099363245273173
East ʻŌhiʻa,Kona,Molokaʻi,1,1357208.177135584,0.7368066423756161
Honouliwai,Kona,Molokaʻi,1,4033068.383360994,0.24795017216312137
Hālawa,Koʻolau,Molokaʻi,1,34508209.681684226,0.028978611444185284
Kalaupapa,Koʻolau,Molokaʻi,1,5032136.244128972,0.19872275937812828
Kapuaoko‘olau,Kona,Molokaʻi,1,2951302.058303207,0.33883349797645934
Ka‘ili‘ula,Kona,Molokaʻi,1,366170.02222397923,2.7309717871669985
Keonekūʻino,Kona,Molokaʻi,1,433046.8917223811,2.309218745394166
Kumimi,Kona,Molokaʻi,1,545728.2637548707,1.832413797151577
Makanalua,Koʻolau,Molokaʻi,1,7814305.775522381,0.1279704210107072
Moakea,Kona,Molokaʻi,1,4353536.386423533,0.2296983213735141
Puna‘ula,Kona,Molokaʻi,1,1177877.012571279,0.8489850717241034
West ʻŌhiʻa,Kona,Molokaʻi,1,1426814.2704743147,0.7008620678202011
