sample_ID,Salinity_raw,offset,Salinity,NO3+NO2 (umol/L),NO2 (umol/L),PO4 (umol/L),SiO2 (umol/L),NH3 (umol/L),rerun,
M64,36.872,0.667,37.539,0.692,0,0,6.184,,4/7/2026,
M79,33.245,0.667,33.912,1.927,0,0.176,15.606,,,
M6,30.485,0.667,31.152,1.102,0,0,6.121,,,
M33,15.272,0.667,15.939,2.253,0,0,21.499,,,
M15,33.194,0.667,33.861,0,0,0,5.866,,,
OA287,33.952,0.667,34.619,0.921,0,0,0,0.624,,
OA358,33.805,0.667,34.472,,,,,,,
OA437,4.221,0.667,4.888,42.7593,0.379,2.403,248.498,0.8825,,Y
OA133,27.981,0.667,28.648,8.37,0.084,0.534,13.9105,0.2571,,Y
OA563,33.697,0.667,34.364,0.225,0,0,5.389,1.116,,
OA582,31.674,0.667,32.341,2.051,0.077,0.165,10.258,1.358,,
OA50,34.196,0.667,34.863,0.096,0,0,1.401,0,,
OA469,33.158,0.667,33.825,0.473,0,0.212,28.988,3.226,,
OA367,34.28,0.667,34.947,0.712,0,0.201,2.166,1.707,,
OA541,33.454,0.667,34.121,2.414,0,0,15.165,1.194,,
OA207,30.284,0.667,30.951,0.359,0,0.096,2.465,0,,
OA140,24.035,0.667,24.702,3.581,0.114,0.241,26.223,0.332,,
OA323,33.088,0.667,33.755,3.652,0.077,0.192,45.257,0.866,,
OA465,33.12,0.667,33.787,0.102,0,0,0,0.701,,
OA608,32.911,0.667,33.578,4.375,0,0.137,26.743,1.585,,
OA75,27.664,0.667,28.331,1.9852,<0.07,0.249,1.361,1.306,,Y
OA39,31.377,0.667,32.044,5.56,0,0.251,40.128,0,,
OA94,30.095,0.667,30.762,27.623,0.087,1.812,168.5382,0.3608,,Y
OA173,6.814,0.667,7.481,<0.06,<0.07,0.122,19.17,0.581,,Y
OA179,29.614,0.667,30.281,4.701,0.257,0.273,25.252,0.767,,
OA181,30.974,0.667,31.641,3.427,0.072,0.521,88.09,1.44,,
OA228,33.908,0.667,34.575,1.065,0,0.143,5.226,1.803,,
OA267,32.882,0.667,33.549,3.482,<0.07,0.647,16.0624,0,,Y
OA284,33.924,0.667,34.591,1.227,0,0.077,7.138,0.843,,
OA611,34.033,0.667,34.7,0.242,0,0,0,0,,
M290,32.849,0.667,33.516,0.321,0,0.916,8.041,,,
M171,31.631,0.667,32.298,0.438,0,1.723,38.139,,,
M213,32.256,0.667,32.923,1.416,0.091,0.297,3.554,,,
M219,33.562,0.667,34.229,2.968,0.143,0.195,6.253,,,
M227,33.31,0.667,33.977,1.288,0.104,0.252,4.545,,,
M289,33.738,0.667,34.405,0.887,0.082,0,4.169,,,
M217,30.957,0.667,31.624,2.649,0.103,0.411,24.608,,,
M299,32.67,0.667,33.337,0.744,0,0.806,27.298,,,
M259,30.7,0.667,31.367,0.89,0,,79.854,,,
M231,33.438,0.667,34.105,3.018,0.142,0.242,9.311,,,
M226,31.098,0.667,31.765,,1.3034,2.3534,,19.3045,,Y
M237,29.867,0.667,30.534,0.726,0,0.851,8.919,,,
M262,33.69,0.667,34.357,1.316,0.079,0.071,3.449,,,
M272,31.074,0.667,31.741,1.938,0.103,0.123,3.532,,,
M254,33.695,0.667,34.362,2.613,0.127,0.222,10.934,,,
M279,33.555,0.667,34.222,0.898,0,0.125,1.641,,,
M236,33.015,0.667,33.682,0.508,0,1.366,68.11,,,
M294,32.648,0.667,33.315,0.943,0,0.377,14.029,,,
M273,32.97,0.667,33.637,1.623,0.098,0.196,4.715,,,
M268,33.461,0.667,34.128,1.133,0,0.267,3.949,,,
M264,33.743,0.667,34.41,2.378,0.108,0.147,2.905,,,
OA251,33.778,0.667,34.445,1.055,0.108,0.092,7.021,,,
M242,33.664,0.667,34.331,1.957,0.106,0.099,4.545,,,
M212,33.668,0.667,34.335,0.804,0.086,0.204,9.95,,,
M220,33.873,0.667,34.54,1.579,0.096,0.096,4.127,,,
M230,33.799,0.667,34.466,1.28,0.077,0.294,3.097,,,
M142,27.583,0.667,28.25,28.0899,<0.07,0.5293,61.7807,5.033,,y
M143,32.985,0.667,33.652,16.0953,0.118,0.1686,4.9971,0.5798,,y
M89,31.937,0.667,32.604,1.056,0,0.084,2.632,,,
M125,28.907,0.667,29.574,,2.8666,4.7821,,20.7763,,Y
M148,33.384,0.667,34.051,6.543,0.129,0,4.003,,,
M135,27.72,0.667,28.387,0.69,0,0.136,2.399,,,
M11,32.854,0.667,33.521,1.753,0,0.083,5.176,,,
M56,27.544,0.667,28.211,0.863,0,0.223,7.015,,,
M179,28.363,0.667,29.03,4.7013,<0.07,0.1597,17.5865,0.3574,,
M94,26.823,0.667,27.49,0.814,0,0.185,16.808,,,
M73,33.07,0.667,33.737,3.062,0,0.376,22.31,,,
M199,32.298,0.667,32.965,8.55,0,0.245,31.067,,,
M88,30.468,0.667,31.135,4,0.075,0.39,34.095,,,
M104,32.217,0.667,32.884,2.98,0,0.196,15.303,,,
M41,31.742,0.667,32.409,6.583,0.158,0.408,40.839,,,
M93,29.464,0.667,30.131,14.7745,<0.07,0.2605,7.5722,1.8605,,Y
M121,27.92,0.667,28.587,0.674,0,0.114,8.903,,,
M23,29.187,0.667,29.854,8.329,0,0.183,28.741,,,
M26,30.889,0.667,31.556,3.173,0.321,0.366,83.732,,,
M30,26.56,0.667,27.227,0.258,0,0.094,2.773,,,
M176,32.353,0.667,33.02,1.65,0,0,4.244,,,
M123,33.693,0.667,34.36,0.676,0,0.135,5.272,,,
M181,32.915,0.667,33.582,2.719,0,0.177,21.036,,,
M58,30.634,0.667,31.301,0.205,0,0.17,2.854,,,
M32,33.671,0.667,34.338,0.287,0,0.073,4.377,,,
M183,33.296,0.667,33.963,2.994,0,0.096,9.914,,,
M1,29.05,0.667,29.717,0.383,0,0.154,3.528,,,
M46,29.081,0.667,29.748,,0.339,0.701,82.601,,,Y
M182,26.134,0.667,26.801,0.933,0,0.129,7.454,,,
M96,32.218,0.667,32.885,1.333,0,0.151,9.827,,,
M43,30.434,0.667,31.101,7.219,0.126,0.448,60.425,,,
M95,32.598,0.667,33.265,1.492,0,0.153,11.429,,,
M98,28.641,0.667,29.308,0.518,0,0.162,20.769,,,
M150,32.456,0.667,33.123,0.428,0,0.122,15.066,,,
M126,33.384,0.667,34.051,1.769,0,0.189,14.391,,,
OA247,33.805,0.667,34.472,1.494,0.096,0.114,11.271,,,
OA242,33.574,0.667,34.241,1.295,0.12,0.552,4.39,,,
OA245,33.801,0.667,34.468,1.157,0.092,0.121,9.091,,,
OA246,33.607,0.667,34.274,1.009,0.106,0.171,3.303,,,
OA231,33.699,0.667,34.366,1.107,0.095,0.191,3.76,,,
OA98,33.861,0.667,34.528,0.667,0.08,0.081,3.631,,,
OA238,33.773,0.667,34.44,0.288,0,0.092,2.638,,,
OA239,33.533,0.667,34.2,3.205,0.19,0.333,11.656,,,
OA97,33.675,0.667,34.342,2.301,0.115,0.171,6.406,,,
OA17,33.74,0,33.74,1.081,0,0.0951,3.1068,0.1905,4/13/2026,y
OA18,33.6,0,33.6,0.65,0,0,2.6232,0.9217,4/13/2026,y
OA19,31.88,0,31.88,1.496,0,0.0842,3.6725,0.3355,4/13/2026,y
OA20,31.94,0,31.94,1.561,0.0773,0.0766,2.5728,0.4564,4/13/2026,y
OA81,20.2,0,20.2,1.1679,0,0,0.3641,0.4787,4/13/2026,y
OA83,36.53,0,36.53,0.457,0,0,2.9481,0.9605,4/13/2026,y
OA88,20.58,0,20.58,0.202,0,1.8719,31.2715,1.1833,4/13/2026,y
OA96,32.75,0,32.75,8.06,0.2151,0.2982,34.4529,0.8201,4/13/2026,y
OA99,20.4,0,20.4,0.1365,0,0.2459,27.2946,1.0177,4/13/2026,y
OA100,34.87,0,34.87,1.906,0.0877,0.1394,35.028,1.3146,4/13/2026,y
OA101,35.73,0,35.73,4.978,0,0,15.1251,0.5996,4/13/2026,y
OA160,36.83,0,36.83,0.338,0,0,0.1624,0.2741,4/13/2026,y
OA162,36.89,0,36.89,,,,,,4/13/2026,y
OA164,35.84,0,35.84,2.685,0.1205,0,10.1214,0.3573,4/13/2026,y
OA165,34.87,0,34.87,0.266,0,0.0787,12.0071,0.3183,4/13/2026,y
OA166,32.49,0,32.49,1.264,0,0,5.6423,0.5682,4/13/2026,y
OA167,34.52,0,34.52,0.439,0,0,0,0.1297,4/13/2026,y
OA168,32.54,0,32.54,0.198,0,0,5.1214,,4/13/2026,y
OA169,27.03,0,27.03,2.313,0,0,3.8293,0.7329,4/13/2026,y
OA170,35.29,0,35.29,2.016,0,0.1062,31.9212,0.1541,4/13/2026,y
OA370,25.4,0,25.4,0.478,0,0.0873,0.5993,0.3534,4/13/2026,y
OA375,22.93,0,22.93,0.271,0,0,0.4985,0.1614,4/13/2026,y
OA401,24.96,0,24.96,0.916,0,0.1268,6.5403,0.4133,4/13/2026,y
OA402,26.75,0,26.75,0.384,0,0,0,0.3121,4/13/2026,y
OA422,35.74,0,35.74,0.267,0,0.2449,3.0246,1.1661,4/13/2026,y
OA424,26.91,0,26.91,0.114,0,0,0,0.3667,4/13/2026,y
OA425,25.75,0,25.75,0.3893,0,0.1194,0.1848,1.1123,4/13/2026,y
OA429,26.2,0,26.2,0.2258,0,0,0,0.5401,4/13/2026,y
OA436,32.9,0,32.9,0.9291,0,0.0719,1.7345,0.6768,4/13/2026,y
OA443,19.94,0,19.94,0.1128,0,0,0,0.3415,4/13/2026,y
OA461,28.85,0,28.85,0.6297,0,0,0,0.257,4/13/2026,y
OA493,24.16,0,24.16,0.1969,0,0,1.5889,0.3329,4/13/2026,y
OA498,22.62,0,22.62,0.9289,0.0878,0.0777,0.7954,0.4673,4/13/2026,y
OA529,19.56,0,19.56,1.1051,0,0,5.857,0.4183,4/13/2026,y
OA531,27.06,0,27.06,,,,,,4/13/2026,y
OA171,35.1,0.66,35.76,0.339,0,0.1047,0.5216,0.3213,4/20/2026,Y
OA174,34.58,0.66,35.24,,0.1246,0.2546,22.8527,0.4061,4/20/2026,Y
OA175,37.06,0.66,37.72,1.439,0,0.0931,5.1968,0.3075,4/20/2026,Y
OA176,29.54,0.66,30.2,58.584,0.1503,0.5874,4.4135,0.5872,4/20/2026,Y
OA178,31.96,0.66,32.62,,0.3497,2.4425,60.714,5.6713,4/20/2026,Y
OA180,33.78,0.66,34.44,0.545,0,0.1439,25.2176,0.6971,4/20/2026,Y
OA182,34.91,0.66,35.57,10.049,0,0.2235,11.3294,0.6163,4/20/2026,Y
OA183,35.1,0.66,35.76,0.83,0,0.1622,11.3049,0.443,4/20/2026,Y
OA184,31.74,0.66,32.4,26.339,0.0763,1.0557,34.1294,0.5899,4/20/2026,Y
OA185,36.67,0.66,37.33,2.422,0.0885,0.2719,6.1175,0.3769,4/20/2026,Y
OA189,36.43,0.66,37.09,0.126,0,0,<0.01,0.1829,4/20/2026,Y
OA190,36.26,0.66,36.92,0.796,0,0,3.135,0.1326,4/20/2026,Y
OA193,35.23,0.66,35.89,0.883,0,0.0728,10.6402,0.2025,4/20/2026,Y
OA195,33.44,0.66,34.1,0.329,0,0.1742,17.2003,0.2959,4/20/2026,Y
OA196,27.34,0.66,28,0.422,0,0.6243,37.656,0.2529,4/20/2026,Y
OA209,35.04,0.66,35.7,0.0967,0,<0.07,0.6524,2.4122,4/20/2026,Y
OA210,36.42,0.66,37.08,0.997,0,0.1028,2.2576,0.1859,4/20/2026,Y
OA212,36.51,0.66,37.17,2.221,0,0.1202,0.8548,0.2134,4/20/2026,Y
OA213,36.42,0.66,37.08,1.78,0,0.1577,0.3879,0.2087,4/20/2026,Y
OA226,35.37,0.66,36.03,2.857,0.1163,0.3841,5.4698,2.2883,4/20/2026,Y
OA227,36.89,0.66,37.55,0.605,0,0,0,0.1507,4/20/2026,Y
OA252,37.37,0.66,38.03,0.134,0,0,0,0.0905,4/20/2026,Y
OA257,36.96,0.66,37.62,3.914,0,0.2924,75.4232,2.6434,4/20/2026,Y
OA258,36.38,0.66,37.04,0.4841,0,0.1186,0.4349,0.6049,4/20/2026,Y
OA259,23.65,0.66,24.31,23.5024,0,0.3573,16.127,1.1031,4/20/2026,Y
OA260,37.26,0.66,37.92,0.1785,0,0,1.5421,0.2659,4/20/2026,Y
OA266,32.83,0.66,33.49,5.1743,0.074,0.8526,1.8358,0.4468,4/20/2026,Y
OA274,36.68,0.66,37.34,0.0849,0,0,0,0.0971,4/20/2026,Y
OA275,35.81,0.66,36.47,0.1719,0,0.0701,2.3499,0.2193,4/20/2026,Y
OA276,36.68,0.66,37.34,0.6807,0,0.158,3.9221,0.2152,4/20/2026,Y
OA277,36.66,0.66,37.32,0.1654,0,0,0.8228,0.1834,4/20/2026,Y
OA278,37.1,0.66,37.76,0.1488,0,0,0,0.1919,4/20/2026,Y
OA279,36.37,0.66,37.03,0.4578,0,0,1.1109,0.1771,4/20/2026,Y
OA280,36.85,0.66,37.51,4.8799,0,0.2073,1.1862,0.9083,4/20/2026,Y
OA283,34.78,0.66,35.44,0.6006,0,0.0939,0.305,0.3544,4/20/2026,Y
OA285,35.74,0.66,36.4,3.2601,0,0.0969,11.8415,0.2036,4/20/2026,Y
OA288,36.9,0.66,37.56,1.0223,0,0.1543,2.2557,0.5479,4/20/2026,Y
OA290,35.86,0.66,36.52,0.2689,0,0,0.4406,0.278,4/20/2026,Y
OA292,35.93,0.66,36.59,0.3658,0,0,1.3538,0.2676,4/20/2026,Y
OA293,37.84,0.66,38.5,0.2879,0,0.1135,10.949,0.1807,4/20/2026,Y
OA298,33.35,0.66,34.01,0.767,0,1.4274,14.4512,5.6004,4/20/2026,Y
OA299,37.09,0.66,37.75,0.3382,0,0,0,0.9806,4/20/2026,Y
OA301,33.72,0.66,34.38,1.9526,0,0.089,2.267,0.3591,4/20/2026,Y
OA302,37.02,0.66,37.68,0.7362,0,0.1307,5.6638,0.9539,4/20/2026,Y
OA309,36.19,0.66,36.85,0.275,0,0,0,0.4787,4/20/2026,Y
OA312,37.83,0.66,38.49,0.7265,0,0.2113,0,1.4791,4/20/2026,Y
OA315,37.54,0.66,38.2,1.2412,0,0.2856,0.2071,1.6451,4/20/2026,Y
OA316,37.11,0.66,37.77,3.0031,0,0.2555,8.6293,3.469,4/20/2026,Y
OA82,35.11,0.66,35.77,0.2701,0,0.0931,0.0346,0.8143,4/27/2026,
OA84,34.99,0.66,35.65,0.4421,0,0.2051,1.345,1.4631,4/27/2026,
OA85,35.08,0.66,35.74,0.762,0,0.4669,0.9495,2.2373,4/27/2026,
OA86,34.88,0.66,35.54,0.1338,0,0.0775,0,1.3873,4/27/2026,
OA223,34.77,0.66,35.43,0.2661,0,0.0909,0,1.0807,4/27/2026,
OA225,34.78,0.66,35.44,0.2641,0,0.0791,0,1.5121,4/27/2026,
OA233,34.75,0.66,35.41,0.4902,0,0.2026,2.5186,1.7097,4/27/2026,
OA236,34.87,0.66,35.53,0.1533,0,0.0791,0,2.2007,4/27/2026,
OA237,34.83,0.66,35.49,0.3188,0,0.1262,1.252,0.7634,4/27/2026,
OA240,34.71,0.66,35.37,0.1799,0,0.0704,0.328,1.1553,4/27/2026,
OA241,33.16,0.66,33.82,7.299,0.142,0.1055,42.41,2.6176,4/27/2026,
OA244,34.71,0.66,35.37,0.3205,0,0.075,0,1.6914,4/27/2026,
OA248,34.74,0.66,35.4,0.3742,0,0.1332,1.6457,0.7176,4/27/2026,
OA249,34.67,0.66,35.33,0.1426,0,0.0859,0,1.559,4/27/2026,
OA250,34.66,0.66,35.32,0.1979,0,0,0,1.0472,4/27/2026,
OA268,34.84,0.66,35.5,0.1785,0,0,0,1.5899,4/27/2026,
OA269,34.86,0.66,35.52,0.6013,0,0.1255,5.3598,1.565,4/27/2026,
OA305,34.82,0.66,35.48,0.4479,0,0.1386,1.2229,1.1863,4/27/2026,
OA306,34.66,0.66,35.32,0.5279,0,0.1305,4.0586,1.5358,4/27/2026,
OA307,34.93,0.66,35.59,0.2838,0,0.1177,0,0.9847,4/27/2026,
MK11,34.89,0.66,35.55,1.8496,0.1091,0.2392,11.6818,4.0238,4/27/2026,
MK12,35.35,0.66,36.01,0.5332,0,0.1291,4.7948,1.138,4/27/2026,
MK13,34.86,0.66,35.52,1.6611,0.118,0.2001,4.6891,1.6127,4/27/2026,
MK15,34.98,0.66,35.64,0.5412,0,0.2575,2.0156,1.2078,4/27/2026,
MK17,34.62,0.66,35.28,3.2874,0.1505,0.2801,16.4967,1.891,4/27/2026,
MK18,34.73,0.66,35.39,1.5526,0.1063,0.163,11.9935,2.1267,4/27/2026,
MK21,34.82,0.66,35.48,0.618,0,0.1637,3.1,1.5067,4/27/2026,
MK22,35.26,0.66,35.92,1.0758,0.0923,0.135,1.6675,2.3964,4/27/2026,
MK24,15.84,0.66,16.5,1.5108,0,0.1907,33.5438,0.7084,4/27/2026,
MK25,31.34,0.66,32,0.9099,0,0.191,12.9047,0.5816,4/27/2026,
MK26,34.68,0.66,35.34,0.9068,0,0.2298,3.4171,1.6346,4/27/2026,
MK27,34.53,0.66,35.19,1.0432,0,0.2152,2.5405,2.3763,4/27/2026,
MK28,28.47,0.66,29.13,0.893,0,0.3831,7.6506,4.8316,4/27/2026,
MK29,35.05,0.66,35.71,0.2994,0,0.1468,0,1.2397,4/27/2026,
MK30,34.66,0.66,35.32,1.419,0,0.2157,5.1265,1.9354,4/27/2026,
MK31,35.28,0.66,35.94,,,,,,4/27/2026,
M167,20.97,0.66,21.63,4.8363,0.1628,1.1936,,2.1932,4/27/2026,Y
M211,27.36,0.66,28.02,,,,,,4/27/2026,
M240,31.64,0.66,32.3,,,,,,4/27/2026,
M249,30.33,0.66,30.99,,,,,,4/27/2026,
M252,26.74,0.66,27.4,11.0522,0.1365,1.4775,161.429,10.6599,4/27/2026,Y
M253,20.17,0.66,20.83,3.8497,0.1392,0.7396,43.8224,4.1209,4/27/2026,
M265,32.44,0.66,33.1,0.6181,0,1.1147,31.3387,3.3878,4/27/2026,
M292,10.17,0.66,10.83,1.9235,0,0.3782,28.5576,4.6707,4/27/2026,
M296,29.98,0.66,30.64,3.1659,0.2103,0.8524,57.5215,6.6452,4/27/2026,Y
M8,34.84,0.669,35.509,1.393,0,0.2236,1.2125,1.2466,4/29/2026,
M13,32.69,0.669,33.359,1.213,0,0.1349,3.5938,0.7111,4/29/2026,
M27,31.6,0.669,32.269,79.281,0.6071,0.6862,17.7659,0,4/29/2026,Y
M29,27.26,0.669,27.929,1.275,0,0.3445,21.8845,3.5459,4/29/2026,
M37,31.59,0.669,32.259,0.642,0,0.1417,30.475,1.4083,4/29/2026,
M39,23.33,0.669,23.999,2.427,0,0.3059,57.3618,2.9265,4/29/2026,
M44,27.3,0.669,27.969,5.353,0.1012,0.285,23.4929,2.1896,4/29/2026,
M45,32.02,0.669,32.689,10.442,0.169,0.7016,56.0851,0.8896,4/29/2026,Y
M49,29.02,0.669,29.689,1.074,0,0.1722,27.3113,1.6439,4/29/2026,
M57,35.37,0.669,36.039,0.593,0,0.1505,2.4003,2.0411,4/29/2026,
M59,34.48,0.669,35.149,6.54,0.2013,0.3271,11.5618,1.0339,4/29/2026,
M62,33.96,0.669,34.629,1.36,0,0.3658,6.9554,4.866,4/29/2026,
M69,31.46,0.669,32.129,5.398,0.0836,0.2782,34.3543,1.411,4/29/2026,
M101,29.11,0.669,29.779,2.013,0,0.1858,9.2396,0.6538,4/29/2026,
M106,35.21,0.669,35.879,0.828,0,0.1151,3.038,0.4664,4/29/2026,
M127,33.24,0.669,33.909,0.934,0,0.2391,4.6769,2.446,4/29/2026,
M189,35.05,0.669,35.719,0.893,0,0.3687,7.5721,0.7316,4/29/2026,
M18,35.11,0.669,35.779,0.809,0,0,2.5907,0.5218,4/29/2026,
M19,29.97,0.669,30.639,5.241,0,0.287,15.6905,1.1235,4/29/2026,
M24,33.57,0.669,34.239,0.44,0,0.2408,1.9777,0.3573,4/29/2026,
M28,33.7,0.669,34.369,2.961,0.0809,0.22,13.0085,2.8562,4/29/2026,
M35,35.31,0.669,35.979,1.314,0,0.0837,1.7607,0.5782,4/29/2026,
M47,32.31,0.669,32.979,11.7413,0,0.4342,28.0452,0.531,4/29/2026,Y
M50,32.49,0.669,33.159,12.6975,0,0.4414,46.1368,0.5616,4/29/2026,Y
M68,34.75,0.669,35.419,2.3677,0,0.3318,8.6362,1.3919,4/29/2026,
M75,34.47,0.669,35.139,2.2778,0,0.0783,15.1233,1.0321,4/29/2026,
M78,33.86,0.669,34.529,1.042,0,0.0993,6.3025,0.6716,4/29/2026,
M83,33.91,0.669,34.579,1.9672,0.0787,0.1335,7.6045,1.1571,4/29/2026,
M87,31.27,0.669,31.939,17.7294,0.0906,0.8144,85.6593,0.7386,4/29/2026,Y
M92,28.8,0.669,29.469,1.1211,0,0.2439,10.6139,5.4061,4/29/2026,
M99,34.88,0.669,35.549,1.3472,0,0.2124,6.6756,0.7758,4/29/2026,
M103,34.68,0.669,35.349,1.6944,0,0.2533,11.9273,0.6761,4/29/2026,
M113,34.71,0.669,35.379,0.9309,0,0.1327,3.0741,0.1767,4/29/2026,
M114,35.01,0.669,35.679,1.8269,0,0.2086,5.4573,0.9507,4/29/2026,
M115,32.1,0.669,32.769,12.4571,0.0964,0.5682,63.5342,0.7124,4/29/2026,Y
M132,34.6,0.669,35.269,0.8788,0,0.1118,6.272,0.4667,4/29/2026,
M136,34.66,0.669,35.329,1.5507,0,0.105,8.3849,0.1181,4/29/2026,
M147,31.86,0.669,32.529,12.3303,0.1259,0.2943,54.8397,0.2266,4/29/2026,
M151,34.93,0.669,35.599,0.9368,0,0.0999,3.5671,0.3767,4/29/2026,
M153,34.65,0.669,35.319,2.4011,0,0,3.1179,1.5198,4/29/2026,
M155,32.18,0.669,32.849,18.053,0.176,0.8838,106.5632,1.6616,4/29/2026,Y
M172,32.44,0.669,33.109,4.0378,0.1135,0.4338,19.2291,6.6632,4/29/2026,
M177,28.13,0.669,28.799,1.2044,0,0.2322,11.9939,2.4761,4/29/2026,
M180,34.02,0.669,34.689,30.8363,0.235,0.5886,9.1206,0.7625,4/29/2026,Y
M193,34.25,0.669,34.919,4.1359,0,0.1352,30.7833,0.2547,4/29/2026,
M194,34.78,0.669,35.449,0.1103,0,0,0,0.248,4/29/2026,
M201,31.95,0.669,32.619,8.1553,0,0.3722,21.1318,1.2116,4/29/2026,Y
OA319,32.86,0.669,33.529,0.5939,0,0.28,19.0673,0.4927,4/29/2026,
OA320,32.5,0.669,33.169,0.3473,0,0.4417,11.0308,0.1343,4/29/2026,
OA321,34.84,0.669,35.509,1.0474,0,0.0721,2.4517,0,4/29/2026,
OA324,34.98,0.669,35.649,0.9185,0,0,4.2086,0,4/29/2026,
OA325,31.3,0.669,31.969,19.0065,0.0787,0.8777,114.8437,0.4414,4/29/2026,Y
OA326,34.75,0.669,35.419,2.0868,0,0.1084,9.0663,0.1526,4/29/2026,
OA327,35.09,0.669,35.759,0.8276,0,0.0963,2.4669,0.1073,4/29/2026,
OA328,35.11,0.669,35.779,0.2774,0,0,2.5145,0.7668,4/29/2026,
OA331,34.32,0.669,34.989,3.6251,0,0.0946,7.4826,0,4/29/2026,
OA332,34.65,0.669,35.319,0.4404,0,0,2.2918,0,4/29/2026,
OA333,34.12,0.669,34.789,11.3295,0,0.378,12.0896,0,4/29/2026,Y
OA334,34.18,0.669,34.849,2.0222,0,0.1036,7.022,0,4/29/2026,
OA336,35.17,0.669,35.839,0.3953,0,0,1.2887,0.4152,4/29/2026,
OA337,13.28,0,13.28,0.473,0,0.0966,4.8116,0.1795,5/1/2026,Y
OA338,5.8,0,5.8,67.443,0.38,4.2606,493.2083,0,5/1/2026,Y
OA340,38.07,0,38.07,0.584,0,0.1948,2.8462,0,5/1/2026,Y
OA341,34.65,0,34.65,0.628,0,0,0.0924,0.1907,5/1/2026,Y
OA342,34.47,0,34.47,0.538,0,0,4.8134,0,5/1/2026,Y
OA343,13.21,0,13.21,1.155,0,0.076,0.2791,0.2817,5/1/2026,Y
OA345,33.9,0,33.9,2.378,0,0.1206,8.476,0.1805,5/1/2026,Y
OA346,24.25,0,24.25,0.57,0,0.1038,3.1117,0,5/1/2026,Y
OA347,34.11,0,34.11,2.437,0,0.1312,7.6242,0.1082,5/1/2026,Y
OA349,34.13,0,34.13,7.022,0,0.1126,9.9475,0.1316,5/1/2026,Y
OA350,20.66,0,20.66,1.251,0,0.1329,0.5944,0.1152,5/1/2026,Y
OA351,34.74,0,34.74,0.501,0,0.1074,6.0149,0.3149,5/1/2026,Y
OA352,34.68,0,34.68,0.361,0,0,0.6343,0.1541,5/1/2026,Y
OA353,34.51,0,34.51,0.574,0,0,1.9663,0,5/1/2026,Y
OA354,34.81,0,34.81,1.648,0,0.1131,3.2421,0.1523,5/1/2026,Y
OA355,34.89,0,34.89,1.265,0,0.1435,2.7148,0.1514,5/1/2026,Y
OA356,34.53,0,34.53,3.801,0,0.1072,6.3937,0,5/1/2026,Y
OA357,33.92,0,33.92,2.364,0.0908,0.093,14.0994,0.4634,5/1/2026,Y
OA359,33.66,0,33.66,0.343,0,0,0.3026,0,5/1/2026,Y
OA360,33.87,0,33.87,1.481,0,0.0718,16.2107,0.8296,5/1/2026,Y
OA361,33.24,0,33.24,0.611,0,0,0.9677,0,5/1/2026,Y
OA362,33.38,0,33.38,0.848,0,0,9.9149,0.2115,5/1/2026,Y
OA364,33.24,0,33.24,2.4711,0,0.3493,3.9942,0.0829,5/1/2026,Y
OA369,34.22,0,34.22,0.9272,0,0.2944,12.9251,0.7213,5/1/2026,Y
OA378,34.15,0,34.15,1.1936,0,0.0805,19.0995,0.1416,5/1/2026,Y
OA380,35.21,0,35.21,0.8094,0,0.1557,4.6249,0,5/1/2026,Y
OA382,34.65,0,34.65,2.3902,0,0.1021,10.9153,0,5/1/2026,Y
OA383,33.69,0,33.69,0.6135,0,0.3373,5.5002,0.1651,5/1/2026,Y
OA389,34.31,0,34.31,1.4533,0,0.1285,23.1789,0.486,5/1/2026,Y
OA391,33.39,0,33.39,7.17,0.1001,1.3258,17.0172,0.2959,5/1/2026,Y
OA392,35.25,0,35.25,0.6496,0,0.1155,4.3204,0.1614,5/1/2026,Y
OA396,1.5,0,1.5,137.357,0.819,1.9407,291.9827,0,5/1/2026,Y
OA399,33.99,0,33.99,1.0002,0,2.251,5.3879,0.0986,5/1/2026,Y
OA412,19.43,0,19.43,0.6756,0,0.2768,1.6745,0.1718,5/1/2026,Y
OA416,18.48,0,18.48,0.396,0,0.2409,45.0728,0.3448,5/1/2026,Y
OA418,30.68,0,30.68,13.717,0.323,0.4123,39.138,0.2576,5/1/2026,Y
OA421,34.91,0,34.91,13.207,0.0835,0.4782,13.1931,0.1233,5/1/2026,Y
OA423,34.64,0,34.64,0.5393,0,0.1105,1.9029,0.1155,5/1/2026,Y
OA433,33.95,0,33.95,0.6724,0,0.1167,2.4157,0.3775,5/1/2026,Y
OA439,33.7,0,33.7,0.6067,0,0.7302,5.1939,0.1017,5/1/2026,Y
OA440,34.76,0,34.76,0.5826,0,0,3.987,0.1687,5/1/2026,Y
OA444,24.12,0,24.12,0.4208,0,0.1183,17.4449,0.3171,5/1/2026,Y
OA446,34.72,0,34.72,0.3856,0,0.1665,3.0519,0.1199,5/1/2026,Y
OA447,34.91,0,34.91,0.4079,0,0.3686,4.1591,0,5/1/2026,Y
OA448,34.74,0,34.74,1.9376,0,0.1559,0.4748,0.4802,5/1/2026,Y
OA449,33.07,0,33.07,0.5584,0,0.3844,1.2631,0.2591,5/1/2026,Y
OA450,34.83,0,34.83,0.5773,0,0.3607,1.8123,0,5/1/2026,Y
OA452,32.78,0,32.78,1.256,0,0.5303,26.102,2.1363,5/1/2026,Y
OA453,34.41,0,34.41,0.4264,0,0.1972,1.8793,0,5/1/2026,Y
OA454,34.78,0,34.78,0.8634,0,0.1653,2.8489,0.128,5/1/2026,Y
OA455,34.38,0,34.38,9.184,0,0.2043,9.6902,0,5/1/2026,Y
OA456,34.55,0,34.55,1.0169,0,0.1922,1.9427,0.1305,5/1/2026,Y
OA457,33.22,0,33.22,1.6715,0,0.3523,30.3736,0.3269,5/1/2026,Y
OA459,34.85,0,34.85,1.7699,0.1002,0.2576,4.5742,0,5/1/2026,Y
OA460,34.46,0,34.46,0.3778,0,0.1295,3.2023,0,5/1/2026,Y
OA464,34.92,0,34.92,0.4251,0,0.2744,0.7738,0,5/1/2026,Y
OA466,7.48,0,7.48,52.962,0.8943,2.0555,239.6747,0,5/1/2026,Y
OA467,35.06,0,35.06,1.063,0,0.2325,3.0736,0.1305,5/1/2026,Y
OA470,35.05,0,35.05,0.8969,0,0.2309,0.9243,0.3269,5/1/2026,Y
OA472,33.87,0,33.87,1.5433,0,0.4206,20.4333,0,5/1/2026,Y
OA6,4.34,-0.1,4.24,,0.936,0.969,,,5/6/2026,Y
OA7,16.34,-0.1,16.24,4.285,0.212,0.528,92.975,,5/6/2026,
OA8,23.95,-0.1,23.85,0.077,0,0.176,35.48,,5/6/2026,
OA9,25.81,-0.1,25.71,0.125,0,0.138,29.711,,5/6/2026,
OA10,31.45,-0.1,31.35,0.107,0,0.07,12.55,,5/6/2026,
OA11,33.31,-0.1,33.21,0.39,0,0.07,6.81,,5/6/2026,
OA12,20.82,-0.1,20.72,0.06,0,1.353,54.737,,5/6/2026,
OA13,27.17,-0.1,27.07,0.086,0,0.288,16.284,,5/6/2026,
OA14,30.3,-0.1,30.2,0.079,0,0.128,9.438,,5/6/2026,
OA15,32.78,-0.1,32.68,0.138,0,0.07,6.59,,5/6/2026,
OA16,34.02,-0.1,33.92,0.351,0,0.07,3.113,,5/6/2026,
OA706,29.49,-0.1,29.39,0.713,0,0.15,3.068,,5/6/2026,
OA710,34.91,-0.1,34.81,0.271,0,0.082,4.576,,5/6/2026,
OA711,33.61,-0.1,33.51,0.312,0,0.073,4.742,,5/6/2026,
OA712,3.95,-0.1,3.85,,1.086,0.589,,,5/6/2026,Y
OA713,33.15,-0.1,33.05,,0,0.242,10.252,,5/6/2026,Y
OA714,33.3,-0.1,33.2,7.896,0,0.19,17.414,,5/6/2026,
OA715,34.53,-0.1,34.43,0.252,0,0.153,1.91,,5/6/2026,
OA716,32.87,-0.1,32.77,0.219,0,0.133,1.728,,5/6/2026,
OA717,31.56,-0.1,31.46,0.272,0,0.176,2.549,,5/6/2026,
OA718,35.6,-0.1,35.5,0.229,0,0.075,2.079,,5/6/2026,
OA719,34.09,-0.1,33.99,0.207,0,0.092,1.545,,5/6/2026,
OA720,31.93,-0.1,31.83,2.937,0,0.213,16.184,,5/6/2026,
OA721,35.47,-0.1,35.37,0.322,0,0.1,2.119,,5/6/2026,
OA722,34.44,-0.1,34.34,0.235,0,0.192,3.339,,5/6/2026,
OA723,35.41,-0.1,35.31,0.251,0,0.137,5.03,,5/6/2026,
OA724,35.56,-0.1,35.46,0.273,0,0.09,2.284,,5/6/2026,
OA725,34.58,-0.1,34.48,0.687,0,0.095,6.026,,5/6/2026,
OA726,31.32,-0.1,31.22,,0.188,0.316,30.963,,5/6/2026,Y
OA727,34.07,-0.1,33.97,0.916,0,0.131,10.382,,5/6/2026,
OA728,34.02,-0.1,33.92,2.353,0.111,0.274,9.508,,5/6/2026,
OA729,35.26,-0.1,35.16,0.49,0,0.146,0.571,,5/6/2026,
OA730,33.85,-0.1,33.75,5.61,0,0.22,13.942,,5/6/2026,
OA731,33.57,-0.1,33.47,6.125,0,0.139,22.808,,5/6/2026,
OA732,34.42,-0.1,34.32,3.083,0,0.126,11.421,,5/6/2026,
OA733,34.91,-0.1,34.81,1.742,0,0.091,5.507,,5/6/2026,
OA734,33.96,-0.1,33.86,0.387,0,0.09,3.949,,5/6/2026,
OA745,34.83,-0.1,34.73,0.265,0,0.096,5.712,,5/6/2026,
OA746,32.82,-0.1,32.72,2.608,0,0.314,58.043,,5/6/2026,
OA747,35.1,-0.1,35,0.63,0,0.127,11.096,,5/6/2026,
OA748,31.89,-0.1,31.79,1.2,0,0.397,65.631,,5/6/2026,
OA749,30.57,-0.1,30.47,3.369,0,0.413,76.496,,5/6/2026,
OA750,34.26,-0.1,34.16,0.111,0,0.234,10.003,,5/6/2026,
OA751,34.51,-0.1,34.41,1.174,0,0.152,7.347,,5/6/2026,
OA752,34.89,-0.1,34.79,0.587,0,0.113,1.798,,5/6/2026,
OA753,35.18,-0.1,35.08,0.543,0,0.365,6.29,,5/6/2026,
OA754,35.2,-0.1,35.1,0.27,0,0.114,8.407,,5/6/2026,
OA780,34,-0.1,33.9,2.545,0,0.254,20.718,,5/6/2026,
OA781,33.78,-0.1,33.68,0.428,0,0.183,13.041,,5/6/2026,
OA782,31.84,-0.1,31.74,,0,0.323,51.071,,5/6/2026,Y
OA783,20.77,-0.1,20.67,3.531,0,0.418,,,5/6/2026,Y
OA784,34.67,-0.1,34.57,0.871,0,0.151,9.84,,5/6/2026,
OA851,35.52,-0.1,35.42,0.539,0,0.099,4.209,,5/6/2026,
OA852,34.47,-0.1,34.37,1.178,0,0.107,5.044,,5/6/2026,
OA853,34.64,-0.1,34.54,0.507,0,0.184,2.897,,5/6/2026,
OA854,35.27,-0.1,35.17,1.728,0,0.157,11.938,,5/6/2026,
OA860,33.47,-0.1,33.37,1.568,0,0.152,8.404,,5/6/2026,
OA865,35.52,-0.1,35.42,0.952,0,0.164,4.663,,5/6/2026,
OA866,35.51,-0.1,35.41,1.187,0,0.139,5.341,,5/6/2026,
OA867,35.45,-0.1,35.35,0.841,0,0.137,4.684,,5/6/2026,
M4,35.48,-0.06,35.42,1.049,0,0.276,2.179,0.133,5/8/2026,Y
M5,31.69,-0.06,31.63,0.511,0,0.181,1.292,0.244,5/8/2026,Y
M9,35.24,-0.06,35.18,0.877,0,0.277,2.261,0.355,5/8/2026,Y
M10,34.35,-0.06,34.29,1.151,0,0.527,2.205,0.851,5/8/2026,Y
M52,34.1,-0.06,34.04,0.977,0,0.221,2.151,0.461,5/8/2026,Y
M53,34.8,-0.06,34.74,3.403,0,0.22,13.481,0.385,5/8/2026,Y
M72,31.7,-0.06,31.64,12.023,0.114,0.351,39.409,0.921,5/8/2026,Y
M76,18.53,-0.06,18.47,7.909,0,0.247,29.59,0.51,5/8/2026,Y
M77,34.38,-0.06,34.32,2.46,0,0.206,8.892,0.448,5/8/2026,Y
M86,29.56,-0.06,29.5,11.7,0,0.261,51.367,0.465,5/8/2026,Y
M91,35.38,-0.06,35.32,2.517,0,0.388,14.254,0.57,5/8/2026,Y
M97,31.01,-0.06,30.95,1.306,0,0.168,6.855,0.307,5/8/2026,Y
M100,33.51,-0.06,33.45,16.091,0,0.333,85.869,0.745,5/8/2026,Y
M107,31.94,-0.06,31.88,4.129,0.099,0.533,17.488,0.909,5/8/2026,Y
M108,35.68,-0.06,35.62,0.878,0,0.193,4.494,0.327,5/8/2026,Y
M109,35.6,-0.06,35.54,0.551,0,0.202,4.203,0.251,5/8/2026,Y
M120,32.28,-0.06,32.22,1.293,0,0.169,7.125,0.277,5/8/2026,Y
M130,34.35,-0.06,34.29,5.534,0,0.667,41.245,0.862,5/8/2026,Y
M184,35.57,-0.06,35.51,0.99,0,0.159,5.833,0.258,5/8/2026,Y
M185,0.64,-0.06,0.58,26.991,0.27,0.986,174.117,1.137,5/8/2026,Y
M188,35.57,-0.06,35.51,0.718,0,0.129,3.736,0.08,5/8/2026,Y
M192,35.64,-0.06,35.58,0.778,0,0.186,4.455,0.08,5/8/2026,Y
M197,23.65,-0.06,23.59,1.327,0,0.835,4.907,1.94,5/8/2026,Y
M198,31.23,-0.06,31.17,0.536,0,0.164,2.033,0.221,5/8/2026,Y
M200,31.43,-0.06,31.37,1.171,0,0.206,8.565,0.105,5/8/2026,Y
M202,35.14,-0.06,35.08,2.044,0,0.163,10.959,0.08,5/8/2026,Y
M203,34.79,-0.06,34.73,7.755,0.093,0.255,23.747,0.145,5/8/2026,Y
M204,25.71,-0.06,25.65,1.518,0,0.247,8.014,0.3,5/8/2026,Y
M205,2.93,-0.06,2.87,10.422,0,0.539,118.205,2.927,5/8/2026,Y
OA62,35.48,-0.06,35.42,1.579,0,0.18,9.114,0.177,5/8/2026,Y
OA64,34.76,-0.06,34.7,5.202,0,0.281,30.542,0.176,5/8/2026,Y
OA65,35.02,-0.06,34.96,4.442,0,0.251,21.518,0.176,5/8/2026,Y
OA66,35.1,-0.06,35.04,1.775,0,0.204,11.517,0.337,5/8/2026,Y
OA67,35.33,-0.06,35.27,3.353,0,0.258,12.303,0.096,5/8/2026,Y
OA68,35.27,-0.06,35.21,2.983,0,0.276,11.552,0.256,5/8/2026,Y
OA69,34.94,-0.06,34.88,0.06,0.092,0.417,20.649,0.564,5/8/2026,Y
OA70,35.24,-0.06,35.18,3.435,0,0.259,16.676,0.127,5/8/2026,Y
OA1,32.45,-0.06,32.39,11.419,0.213,0.585,52.274,1.153,5/8/2026,Y
OA2,34.77,-0.06,34.71,0.734,0,0.258,15.005,0.418,5/8/2026,Y
OA3,34.57,-0.06,34.51,0.888,0,0.233,22.429,0.237,5/8/2026,Y
OA4,34.35,-0.06,34.29,1.903,0,0.217,29.052,0.437,5/8/2026,Y
OA5,34.69,-0.06,34.63,0.811,0.073,0.183,19.86,0.523,5/8/2026,Y
OA700,21.9,-0.06,21.84,1.013,0,0.337,25.241,1.891,5/8/2026,Y
OA701,29.19,-0.06,29.13,0.06,0,0.091,1.718,0.406,5/8/2026,Y
OA702,34.63,-0.06,34.57,0.293,0,0.174,8.113,1.024,5/8/2026,Y
OA703,29.98,-0.06,29.92,1.084,0,0.314,5.096,2.206,5/8/2026,Y
OA704,22.75,-0.06,22.69,0.184,0,0.169,3.878,0.417,5/8/2026,Y
OA705,26.26,-0.06,26.2,0.523,0.08,0.565,4.084,2.233,5/8/2026,Y
OA707,22.28,-0.06,22.22,0.439,0,0.35,3.204,1.687,5/8/2026,Y
OA708,27.84,-0.06,27.78,0.358,0,0.105,2.676,0.377,5/8/2026,Y
OA709,34.65,-0.06,34.59,,,,,,5/8/2026,Y
OA785,34.24,-0.06,34.18,0.06,0,0.245,4.351,0.255,5/8/2026,Y
OA790,4.26,-0.06,4.2,144.161,1.775,3.597,343.267,21.724,5/8/2026,Y
OA791,32.53,-0.06,32.47,5.636,0.075,0.193,13.276,0.575,5/8/2026,Y
OA792,35.15,-0.06,35.09,0.214,0,0.087,2.627,0.316,5/8/2026,Y
OA793,2.79,-0.06,2.73,265.982,9.721,5.983,472.048,18.608,5/8/2026,Y
OA794,2.54,-0.06,2.48,156.576,2.388,3.748,380.406,19.659,5/8/2026,Y
OA796,15.92,-0.06,15.86,95.356,5.806,1.356,255.602,12.648,5/8/2026,Y
OA797,32.35,-0.06,32.29,8.022,0.259,0.298,38.141,3.277,5/8/2026,Y
OA798,32.7,-0.06,32.64,12.678,0.488,0.353,22.967,2.42,5/8/2026,Y
OA799,33.21,-0.06,33.15,,,,,,5/8/2026,Y
OA211,3.76,0,3.76,,0.388,1.325,,0.312,5/21/2026,Y
OA222,32.95,0,32.95,2.275,0.099,0.205,13.039,1.233,5/21/2026,
OA229,13.2,0,13.2,,,,,,5/21/2026,Y
OA473,33.85,0,33.85,0.5,0,0.158,4.906,0.135,5/21/2026,
OA474,33.73,0,33.73,0.143,0,0.098,6.555,0,5/21/2026,
OA475,32.23,0,32.23,2.42,0,0.214,28.384,1.367,5/21/2026,
OA476,30.84,0,30.84,0.116,0,0.214,19.674,0,5/21/2026,
OA477,34.19,0,34.19,0.415,0,0.222,6.612,0,5/21/2026,
OA478,28,0,28,,0.219,0.515,83.943,0.564,5/21/2026,Y
OA479,32.57,0,32.57,0.218,0,0.191,25.611,0.092,5/21/2026,
OA480,33.94,0,33.94,0.92,0.139,0.252,4.381,0.786,5/21/2026,
OA481,34.25,0,34.25,0,0,0.118,1.823,0.239,5/21/2026,
OA482,34.02,0,34.02,0.528,0,0.158,1.458,0,5/21/2026,
OA484,34.1,0,34.1,0.78,0,0.114,4.784,0.101,5/21/2026,
OA485,32.3,0,32.3,0.827,0,0.134,20.475,0.478,5/21/2026,
OA486,34.15,0,34.15,0.142,0,0.187,2.912,0.154,5/21/2026,
OA487,34.02,0,34.02,0.28,0,0.132,4.383,0.127,5/21/2026,
OA488,34.1,0,34.1,0.566,0.07,0.173,1.28,0.155,5/21/2026,
OA489,34.03,0,34.03,0.383,0,0.078,2.263,0.084,5/21/2026,
OA490,34.26,0,34.26,1.545,0,0,3.094,0.288,5/21/2026,
OA491,33.31,0,33.31,1.895,0,0.083,13.896,0.17,5/21/2026,
OA492,32.18,0,32.18,1.407,0,0.149,32.81,0.153,5/21/2026,
OA494,31.72,0,31.72,0.99,0,0.187,37.182,0.226,5/21/2026,
OA496,33.51,0,33.51,0,0,0,0.581,0,5/21/2026,
OA497,34.28,0,34.28,1.173,0.111,0.197,3.895,0.257,5/21/2026,
OA499,22.61,0,22.61,0,0,1.21,10.285,0.268,5/21/2026,
OA500,32.08,0,32.08,0,0,0,22.898,0.083,5/21/2026,
OA501,33.25,0,33.25,0,0,0,7.757,0,5/21/2026,
OA502,34.37,0,34.37,0,0,0,0.349,0,5/21/2026,
OA503,33.95,0,33.95,0.119,0,0,8.515,0.14,5/21/2026,
OA504,34.53,0,34.53,0,0,0,1.501,0,5/21/2026,
OA521,33.99,0,33.99,0.815,0,0.107,6.609,0.126,5/21/2026,
OA522,31.71,0,31.71,0.337,0,0.101,50.924,0.731,5/21/2026,
OA523,33.07,0,33.07,0,0,0.101,21.278,0.27,5/21/2026,
OA524,32.67,0,32.67,0.201,0,0.072,24.083,0,5/21/2026,
OA525,34.21,0,34.21,1.116,0,0.137,3.678,0.123,5/21/2026,
OA527,34.16,0,34.16,0.176,0,0,2.391,0.124,5/21/2026,
OA532,30.49,0,30.49,1.012,0,0.124,57.918,0.487,5/21/2026,
OA533,31.18,0,31.18,1.819,0,0.14,52.074,0.335,5/21/2026,
OA551,32.57,0,32.57,0.4,0,0,22.085,0.498,5/21/2026,
OA552,34.18,0,34.18,0.603,0,0,1.81,0.224,5/21/2026,
OA553,33.47,0,33.47,0.494,0,0.082,9.052,0,5/21/2026,
OA554,33.59,0,33.59,0.188,0,0,3.94,1.437,5/21/2026,
OA562,33.33,0,33.33,0,0,0,0.701,0,5/21/2026,
OA564,33.1,0,33.1,,0,0.139,10.699,0.204,5/21/2026,Y
OA573,30.85,0,30.85,5.097,0,0.173,55.629,0.266,5/21/2026,
OA574,33.34,0,33.34,0.362,0,0.08,3.411,0,5/21/2026,
OA575,33.92,0,33.92,0,0,0,0.595,0,5/21/2026,
OA583,32.52,0,32.52,0.99,0,0.188,29.176,0.308,5/21/2026,
OA584,33.9,0,33.9,4.447,0.075,0.086,4.305,0.229,5/21/2026,
OA585,34.32,0,34.32,0.065,0,0.1,1.352,0.222,5/21/2026,
OA593,34.11,0,34.11,0.432,0,0,0.85,0.174,5/21/2026,
OA594,33.64,0,33.64,1.922,0.133,0.142,6.475,0.455,5/21/2026,
OA595,34.27,0,34.27,0,0,0,0.156,0.219,5/21/2026,
OA603,33.73,0,33.73,0,0,0,0.369,0,5/21/2026,
OA604,34.59,0,34.59,0,0,0,0.709,0,5/21/2026,
OA605,33.16,0,33.16,0.741,0,0.116,6.844,0,5/21/2026,
OA606,33.55,0,33.55,0.255,0,0.096,5.574,0,5/21/2026,
OA607,33.46,0,33.46,0.718,0.073,0.119,17.226,1.42,5/21/2026,
OA612,31.12,0,31.12,5.258,0,0.182,60.346,0.246,5/21/2026,
OA613,26.42,0,26.42,0,0,1.062,48.275,0,5/21/2026,
MA1,31.89,0,31.89,35.102,0,0.596,35.763,0.248,6/2/2026,
M7,29.95,0,29.95,1.597,0,0.104,2.587,0,6/2/2026,
M16,34.73,0,34.73,0,0,0.191,2.031,0,6/2/2026,
M22,29.55,0,29.55,0.281,0,0.234,18.854,0.739,6/2/2026,
M25,34.22,0,34.22,5.443,0,0.259,17.065,0,6/2/2026,
M31,26.28,0,26.28,0.109,0,0.296,22.761,0.392,6/2/2026,
M34,32.29,0,32.29,44.221,0.574,0.957,59.777,0.369,6/2/2026,
M36,31.57,0,31.57,12.935,0,,44.3,0.995,6/2/2026,
M38,22.6,0,22.6,3.389,0.076,0.348,20.113,1.106,6/2/2026,
M40,31.85,0,31.85,6.091,0,,38.523,0,6/2/2026,
M42,32.66,0,32.66,5.105,0.152,0.368,32.342,1.823,6/2/2026,
M48,32.1,0,32.1,13.763,0.082,,48.751,0,6/2/2026,
M63,25.59,0,25.59,0.987,0,0.291,7.26,0.342,6/2/2026,
M74,24.27,0,24.27,1.702,0,0.057,14.107,0.339,6/2/2026,
M81,34.36,0,34.36,1.343,0,0.034,3.745,0,6/2/2026,
M102,25.55,0,25.55,0.16,0,0.156,4.736,0.104,6/2/2026,
M105,34.06,0,34.06,0.267,0,0.173,7.358,0,6/2/2026,
M122,32.37,0,32.37,0.772,0,0.188,4.829,0,6/2/2026,
M128,34,0,34,6.398,0,0.425,28.595,0,6/2/2026,
M141,25.55,0,25.55,11.425,0,,12.248,0,6/2/2026,
M154,32.64,0,32.64,5.445,0.092,0.376,26.832,0,6/2/2026,
M162,33.85,0,33.85,0.986,0,0.24,13.237,0,6/2/2026,
M164,25.97,0,25.97,9.727,0.341,,13.919,0,6/2/2026,
M178,32.71,0,32.71,2.184,0,0.176,5.719,0,6/2/2026,
M186,34.48,0,34.48,2.608,0,0.163,6.737,0,6/2/2026,
M190,34.58,0,34.58,2.849,0,0.221,10.292,0,6/2/2026,
M191,33.55,0,33.55,21.355,0,0.232,17.034,0,6/2/2026,
M195,34.73,0,34.73,0.999,0,0.246,18.876,0,6/2/2026,
M196,34.57,0,34.57,1.989,0,0.272,12.762,0,6/2/2026,
MKR13,34.22,0,34.22,5.103,0,0.25,19.674,0,6/2/2026,
OA21,34.25,0,34.25,0,0,0.112,2.234,0,6/2/2026,
OA22,34.81,0,34.81,0,0,0.168,2.327,0,6/2/2026,
OA23,32.29,0,32.29,8.213,0.136,,32.84,0,6/2/2026,
OA24,29.7,0,29.7,31.862,0.13,0.598,,0.14,6/2/2026,
OA25,34.55,0,34.55,0,0,0.453,8.377,0,6/2/2026,
OA26,33.33,0,33.33,12.432,0,0.298,27.056,0,6/2/2026,
OA27,32.37,0,32.37,12.433,0.224,0.432,47.769,0.138,6/2/2026,
OA28,31.35,0,31.35,23.058,0,0.377,53.899,0,6/2/2026,
OA29,30.17,0,30.17,2.995,0,0.252,54.628,0,6/2/2026,
OA30,33.79,0,33.79,7.765,0,0.137,11.166,0,6/2/2026,
OA31,17.54,0,17.54,12.369,0,0.801,46.541,1.003,6/2/2026,
OA32,33.43,0,33.43,9.201,0.082,0.344,38.473,0,6/2/2026,
OA33,33.91,0,33.91,1.758,0,0.262,23.307,0,6/2/2026,
OA34,32.88,0,32.88,14.468,0,0.441,50.585,0,6/2/2026,
OA35,22.57,0,22.57,60.651,0.158,0.984,,0.957,6/2/2026,
OA36,15.8,0,15.8,20.738,1.602,0.201,,9.678,6/2/2026,
OA37,31.99,0,31.99,2.252,0,0.158,38.668,0,6/2/2026,
OA38,33.28,0,33.28,18.812,0,0.186,54.785,0,6/2/2026,
OA40,34.19,0,34.19,1.78,0,0.144,11.195,0,6/2/2026,
OA43,34.45,0,34.45,0.732,0,0.181,10.144,0,6/2/2026,
OA44,34.72,0,34.72,0.574,0,0.128,6.282,0,6/2/2026,
OA46,34.29,0,34.29,2.703,0,0.107,17.05,0,6/2/2026,
OA47,34.44,0,34.44,0.37,0,0.006,5.225,0,6/2/2026,
OA49,34,0,34,0.591,0,0.204,12.592,0,6/2/2026,
OA51,34.29,0,34.29,8.922,0.133,0.108,3.706,0,6/2/2026,
OA52,33.75,0,33.75,23.698,0.128,0.302,15.917,0.188,6/2/2026,
OA53,34.14,0,34.14,13.996,0,0.146,10.219,0,6/2/2026,
OA54,31.29,0,31.29,45.562,0.321,1.065,63.24,0,6/2/2026,
OA55,23.39,0,23.39,0.153,0,0.036,1.254,0,6/2/2026,
OA56,34.41,0,34.41,0.338,0,0.09,2.459,0,6/2/2026,
OA57,34.76,0,34.76,0.262,0,0.089,1.592,0,6/2/2026,
OA58,30.7,0,30.7,61.634,0,0.435,71.655,0,6/2/2026,
OA59,32.1,0,32.1,19.125,0,0.186,27.826,0,6/2/2026,
OA60,34.03,0,34.03,2.305,0,0.13,10.985,0,6/2/2026,
OA71,28.36,0,28.36,26.838,0.285,0.721,147.304,0,6/2/2026,
OA72,22.81,0,22.81,33.218,0.471,0.97,151.885,3.015,6/2/2026,
OA74,33.73,0,33.73,5.025,0,0.241,16.475,0,6/2/2026,
OA77,33.12,0,33.12,2,0,0.153,16.223,0,6/2/2026,
OA78,25.81,0,25.81,22.467,0.363,0.629,95.816,0,6/2/2026,
OA90,32.91,0,32.91,6.403,0.131,0.344,32.148,0.877,6/2/2026,
OA91,32.1,0,32.1,11.773,0.135,0.311,50.005,0.759,6/2/2026,
OA92,32.64,0,32.64,4.963,0.139,0.26,32.401,0.982,6/2/2026,
OA95,15.24,0,15.24,45.236,0.257,1.358,165.157,2.826,6/2/2026,
OA109,34.32,0,34.32,1.218,0,0.126,7.451,0,6/2/2026,
OA110,32.84,0,32.84,26.749,0,0.091,34.751,0,6/2/2026,
OA112,34.61,0,34.61,0.677,0,0.236,6.867,0,6/2/2026,
OA115,31.6,0,31.6,0.455,0,0.188,6.151,0,6/2/2026,
OA117,31.33,0,31.33,0.85,0,0.125,6.687,0,6/2/2026,
OA230,29.67,0,29.67,15.264,0.253,0.5,109.928,0,6/2/2026,
OA235,34.45,0,34.45,5.14,0.138,,13.824,1.469,6/2/2026,
OA73,28.35,0,28.35,26.578,0.36,0.714,123.759,4.324,6/3/2026,
OA76,32.82,0,32.82,0.518,0,0.167,19.884,0.554,6/3/2026,
OA79,34.21,0,34.21,4.722,0,0.195,8.91,0,6/3/2026,
OA80,26.97,0,26.97,64.71,0.375,1.256,195.51,0.473,6/3/2026,
OA106,32.13,0,32.13,1.62,0,0.238,10.623,0,6/3/2026,
OA107,34.57,0,34.57,2.689,0,0.164,9.802,0,6/3/2026,
OA108,29.36,0,29.36,0.461,0,0.117,1.089,0,6/3/2026,
OA111,34.58,0,34.58,1.986,0,0.213,6.999,0,6/3/2026,
OA113,31.5,0,31.5,12.403,0,0.161,19.437,0,6/3/2026,
OA114,28.72,0,28.72,0.944,0,0.177,14.889,0.613,6/3/2026,
OA116,33.72,0,33.72,0.472,0,0.108,1.677,0,6/3/2026,
OA134,25.19,0,25.19,30.226,0.127,0.583,118.48,0.535,6/3/2026,
OA139,25.46,0,25.46,7.822,0,0.182,30.292,0,6/3/2026,
OA142,30.3,0,30.3,5.773,0.124,0.331,39.225,4.982,6/3/2026,
OA143,29.52,0,29.52,5.539,0.112,0.325,29.265,1.299,6/3/2026,
OA234,28.46,0,28.46,22.738,0.301,0.657,142.362,0.463,6/3/2026,
MK1,33.8,0,33.8,0.42,0,1.216,9.807,0,6/3/2026,
MK2,34.94,0,34.94,0.713,0,0.593,7.128,0.332,6/3/2026,
MK3,34.17,0,34.17,0.214,0,0.559,18.352,0,6/3/2026,
MK4,33.99,0,33.99,0.379,0,0.49,18.949,0,6/3/2026,
MK5,32.17,0,32.17,0.343,0,0.858,37.487,1.221,6/3/2026,
MK23,8.64,0,8.64,4.109,0,0.576,48.135,3.886,6/3/2026,
OA118,28.65,0,28.65,2.503,0.205,0.752,67.611,0.484,6/3/2026,
OA121,31.61,0,31.61,6.113,0.259,0.473,39.193,1.21,6/3/2026,
OA123,31.38,0,31.38,6.208,0.176,1.179,75.57,0,6/3/2026,
OA127,31.4,0,31.4,0.572,0,0.599,22.641,0,6/3/2026,
OA128,28.7,0,28.7,21.404,0.615,1.12,100.183,0,6/3/2026,
OA129,30.15,0,30.15,1.337,0.071,1.069,73.015,0,6/3/2026,
OA130,33.74,0,33.74,1.817,0,0.235,13.85,0.082,6/3/2026,
OA131,30.92,0,30.92,6.45,0.244,1.024,45.325,2.457,6/3/2026,
M169,31.57,0,31.57,2.89,0.097,0.575,20.818,1.551,6/3/2026,
M207,23.49,0,23.49,4.297,0.123,0.695,41.582,4.601,6/3/2026,
M208,33.65,0,33.65,2.579,0.142,0.234,4.107,1.074,6/3/2026,
M214,34.69,0,34.69,1.425,0.09,0.152,3.33,0.605,6/3/2026,
M216,34.24,0,34.24,0.725,0,0.091,2.014,0.082,6/3/2026,
M218,34.69,0,34.69,1.366,0.086,0.14,3.699,0,6/3/2026,
M222,13.52,0,13.52,2.958,0.133,0.618,72.311,1.624,6/3/2026,
M223,32.86,0,32.86,0.708,0,0.21,1.092,0.455,6/3/2026,
M224,28.08,0,28.08,1.779,0,0.403,90.36,0.356,6/3/2026,
M225,26.67,0,26.67,0.544,0,,1.085,0.34,6/3/2026,
M228,35.01,0,35.01,1.632,0.082,0.167,4.158,0.218,6/3/2026,
M232,32.56,0,32.56,0.318,0,1.21,30.466,0.103,6/3/2026,
M233,32.49,0,32.49,3.243,0.14,0.205,11.114,1.904,6/3/2026,
M234,34.8,0,34.8,1.363,0.08,0.142,4.365,0.411,6/3/2026,
M238,34.99,0,34.99,0.492,0,0.115,1.119,0,6/3/2026,
M239,33.59,0,33.59,0.542,0,0.151,1.669,0,6/3/2026,
M241,29.71,0,29.71,5.499,0,,52.928,7.146,6/3/2026,
M243,33.4,0,33.4,0.312,0,0.798,14.795,0.126,6/3/2026,
M247,26.42,0,26.42,0.563,0,0.19,1.564,0.221,6/3/2026,
M248,30.98,0,30.98,2.237,0.083,,26.18,2.058,6/3/2026,
M258,18.69,0,18.69,27.257,0.462,,234.907,3.714,6/3/2026,
M261,28.21,0,28.21,3.381,0.167,0.597,40.473,3.19,6/3/2026,
M263,35.07,0,35.07,1.112,0,0.13,3.773,0.238,6/3/2026,
M266,34.89,0,34.89,1.444,0.078,0.143,4.105,0.371,6/3/2026,
M269,32.47,0,32.47,2.528,0,0.298,11.407,1.799,6/3/2026,
M270,35.11,0,35.11,0.573,0,0.132,1.803,0.156,6/3/2026,
M271,34.77,0,34.77,2.445,0.132,0.215,3.617,1.002,6/3/2026,
M274,34.99,0,34.99,1.459,0.096,0.153,4.61,0.183,6/3/2026,
M275,28.46,0,28.46,4.933,0.187,,65.38,6.821,6/3/2026,
M276,34.56,0,34.56,1.814,0.086,,3.747,0.56,6/3/2026,
M277,30.65,0,30.65,2.536,0,0.543,63.788,5.269,6/3/2026,
M278,33.09,0,33.09,4.736,0.079,0.41,20.457,1.112,6/3/2026,
M282,16.38,0,16.38,2.324,0.071,0.566,57.96,3.197,6/3/2026,
M283,34.91,0,34.91,0.353,0,0.172,2.344,0.708,6/3/2026,
M284,32.25,0,32.25,3.562,0.175,,27.923,6.221,6/3/2026,
M286,32.24,0,32.24,0.431,0,0.404,21.836,0.115,6/3/2026,
M288,31.63,0,31.63,2.59,0.145,0.612,37.427,3.183,6/3/2026,
M293,31.8,0,31.8,0.85,0,0.227,4.727,0.937,6/3/2026,
M295,34.08,0,34.08,3.953,0.121,0.493,11.433,1.503,6/3/2026,
M297,28.93,0,28.93,6.872,0.43,,34.212,16.712,6/3/2026,
M298,29.56,0,29.56,27.42,0.499,,59.263,7.072,6/3/2026,
M300,34.98,0,34.98,2.377,0.14,0.193,4.163,0.474,6/3/2026,
OA206,34.24,0,34.24,0.893,0,0.19,4.034,0,6/3/2026,
OA208,32.37,0,32.37,0.568,0,,27.233,0.396,6/3/2026,
OA261,31.1,0,31.1,9.76,0.123,0.183,24.412,0,6/3/2026,
OA262,32.86,0,32.86,1.996,0,0.131,7.431,0,6/3/2026,
OA263,24.3,0,24.3,10.779,0.264,0.67,102.157,0.872,6/3/2026,
OA264,28.71,0,28.71,9.569,0,0.293,81.58,0,6/3/2026,
OA281,33.63,0,33.63,0.85,0,0.203,8.273,0,6/3/2026,
OA296,32.39,0,32.39,0.527,0,0.364,21.386,0.094,6/3/2026,
OA297,32.18,0,32.18,0.488,0,0.28,25.801,0.163,6/3/2026,
OA144,33.63,0,33.63,0.067,0,0.167,2.207,0,6/4/2026,
OA145,29.5,0,29.5,0,0,0.589,17.038,0,6/4/2026,
OA146,32.71,0,32.71,0.621,0,0.271,7.75,0,6/4/2026,
OA147,33.53,0,33.53,0.345,0,0.18,3.06,0,6/4/2026,
OA148,34.3,0,34.3,0.106,0,0.16,1.478,0,6/4/2026,
OA149,32.49,0,32.49,0,0,0.183,4.716,0,6/4/2026,
OA150,34.35,0,34.35,0.15,0,0.157,0.84,0,6/4/2026,
OA151,18.64,0,18.64,0,0,0.669,36.906,0,6/4/2026,
OA152,25.53,0,25.53,0,0,0.214,23.609,0,6/4/2026,
OA153,24.58,0,24.58,0,0,0.302,22.314,0,6/4/2026,
OA154,22.3,0,22.3,0,0,0.504,26.128,0,6/4/2026,
OA155,20.2,0,20.2,0,0,0.651,35.503,0,6/4/2026,
OA157,24.72,0,24.72,0.073,0,0.258,25.422,0,6/4/2026,
OA197,34.37,0,34.37,0,0,0.215,2.879,0,6/4/2026,
OA214,34.42,0,34.42,1.105,0,0.235,3.13,0,6/4/2026,
OA215,33.82,0,33.82,8.281,0,0.275,40.171,0,6/4/2026,
OA216,34.43,0,34.43,2.144,0,0.224,4.57,0,6/4/2026,
OA217,34.58,0,34.58,0.268,0,0.205,1.292,0,6/4/2026,
OA218,2.95,0,2.95,116.892,0.3,1.573,,0.126,6/4/2026,
OA219,26.16,0,26.16,18.957,0.185,1.005,85.455,0.118,6/4/2026,
OA220,34.3,0,34.3,1.954,0,0.306,3.371,0,6/4/2026,
OA221,34.6,0,34.6,1.583,0.149,0.355,1.617,3.232,6/4/2026,
OA254,35.06,0,35.06,0.3,0,0.276,1.098,0.206,6/4/2026,
OA255,34.53,0,34.53,0.264,0,0.153,5.263,0,6/4/2026,
OA256,34.44,0,34.44,0,0,0.155,0.813,0,6/4/2026,
OA272,34.1,0,34.1,1.488,0,0.191,19.69,0,6/4/2026,
OA311,34.55,0,34.55,0,0,0.112,3.228,0,6/4/2026,
OA348,31.64,0,31.64,145.722,0.136,0.275,32.938,0,6/4/2026,
OA363,23.17,0,23.17,9.673,0.12,1.179,13.248,0,6/4/2026,
OA381,22.69,0,22.69,35.027,0.123,1.178,37.289,0,6/4/2026,
OA384,24.96,0,24.96,25.069,0.088,0.92,16.886,0,6/4/2026,
OA386,34.67,0,34.67,0,0,0.118,1.05,0,6/4/2026,
OA394,32.47,0,32.47,1.563,0,0.136,3.356,0,6/4/2026,
OA403,31.9,0,31.9,4.955,0,0.179,10.546,0,6/4/2026,
OA406,34.63,0,34.63,0,0,0.113,1.098,0,6/4/2026,
OA408,35.03,0,35.03,1.986,0,0.14,4.73,0,6/4/2026,
OA419,26.82,0,26.82,0.224,0,0.233,22.258,0,6/4/2026,
OA420,34.3,0,34.3,1.838,0,0.483,19.004,0.205,6/4/2026,
OA426,20.19,0,20.19,0.2,0,3.922,39.884,0.105,6/4/2026,
OA430,23.22,0,23.22,0,0,0.441,25.009,0,6/4/2026,
OA434,17.93,0,17.93,0,0,1.603,93.696,0,6/4/2026,
OA451,22.33,0,22.33,0.351,0,0.318,30.525,0,6/4/2026,
OA458,4.75,0,4.75,46.108,0.471,1.2,,0.202,6/4/2026,
OA468,34.76,0,34.76,0.201,0,0.169,1.941,0,6/4/2026,
OA495,35.07,0,35.07,0.114,0,0.169,1.412,0,6/4/2026,
OA739,26.66,0,26.66,0.139,0,0.223,7.908,0,6/4/2026,
OA744,22.92,0,22.92,0,0,1.396,39.303,0,6/4/2026,
OA759,28.22,0,28.22,0,0,0.726,31.411,0,6/4/2026,
OA764,34.47,0,34.47,5.524,0,0.149,1.424,0,6/4/2026,
OA768,21.24,0,21.24,0,0,0.193,0.095,0.272,6/4/2026,
OA769,32.64,0,32.64,0.149,0,0.418,20.977,0,6/4/2026,
OA938,31.17,0,31.17,0,0,0.153,4.231,0.105,6/4/2026,
OA939,25.85,0,25.85,0,0,0.108,2.317,0,6/4/2026,
OA940,33.84,0,33.84,0.153,0,0.225,2.836,0,6/4/2026,
OA941,32.21,0,32.21,0,0,0.128,0.938,0,6/4/2026,
OA942,29.79,0,29.79,0,0,0.151,0.936,0,6/4/2026,
OA943,34.26,0,34.26,0,0,0.221,0.989,0,6/4/2026,
OA944,33.64,0,33.64,5.719,0,1.247,9.751,1.241,6/4/2026,
OA945,10.66,0,10.66,102.543,3.732,2.396,,5.817,6/4/2026,
OA946,27.8,0,27.8,10.644,0.213,0.422,19.822,<0.08,6/4/2026,
OA947,26.05,0,26.05,11.706,0.178,0.36,19.337,0.194,6/4/2026,
OA949,27.32,0,27.32,12.734,0.207,0.384,22.765,0.445,6/4/2026,
OA950,32.83,0,32.83,5.283,0,0.332,16.214,0.334,6/4/2026,
OA953,11.41,0,11.41,5.675,0.148,0.867,,9.921,6/4/2026,
OA954,34.49,0,34.49,0.404,0,1.199,4.661,0,6/4/2026,
OA955,23.94,0,23.94,0.673,0,0.39,92.071,0.214,6/4/2026,
OA959,30.4,0,30.4,12.161,0.093,0.189,13.434,0,6/4/2026,
OA960,26.81,0,26.81,12.337,0,0.196,12.284,0,6/4/2026,
OA963,28.96,0,28.96,61.176,0.172,0.209,37.562,0,6/4/2026,
OA964,31.63,0,31.63,8.795,0.189,0.429,21.248,0,6/4/2026,
OA965,7.1,0,7.1,3.73,<0.07,0.558,,0.714,6/4/2026,
OA969,34.11,0,34.11,3.723,0,0.265,6.021,0,6/4/2026,
OA970,29.11,0,29.11,2.334,0,0.416,17.745,5.323,6/4/2026,
OA973,2.46,0,2.46,51.357,0.409,0.895,,10.929,6/4/2026,
OA974,30.47,0,30.47,3.356,0,0.43,7.839,6.332,6/4/2026,
OA975,21.84,0,21.84,0.477,0,0.267,11.209,0,6/4/2026,
OA999,24.54,0,24.54,12.153,0,0.96,8.839,0,6/4/2026,
OA1001,35,0,35,0,0,0.11,0.686,0,6/4/2026,
OA1002,35.07,0,35.07,0,0,0.092,2.503,0,6/4/2026,
OA1003,35.1,0,35.1,0,0,0.109,1.036,0,6/4/2026,
OA1004,35.51,0,35.51,0,0,0.077,1.15,0,6/4/2026,
OA1005,35.33,0,35.33,0,0,0.121,0.483,0.252,6/4/2026,
OA1006,35.46,0,35.46,0,0,0,1.996,0,6/4/2026,
