island,sample_id,collected_hst,latitude,longitude,Salinity,NO3NO2,NO2 (umol/L),PO4,SiO2,NH3
Maui,M1,2026-03-29T21:43:00Z,20.78944444,-156.4741667,29.717,0.383,0,0.154,3.528,NA
Maui,M10,2026-03-29T23:06:00Z,20.79723,-156.49644,34.29,1.151,0,0.527,2.205,0.851
Maui,M100,2026-03-31T02:58:00Z,20.90944444,-156.4261111,33.45,16.091,0,0.333,85.869,0.745
Maui,M101,2026-03-29T21:15:00Z,20.93833333,-156.6927778,29.779,2.013,0,0.1858,9.2396,0.6538
Maui,M102,2026-03-29T21:05:00Z,20.94277778,-156.6922222,25.55,0.16,0,0.156,4.736,0.104
Maui,M103,2026-03-29T20:05:00Z,20.985,-156.6722222,35.349,1.6944,0,0.2533,11.9273,0.6761
Maui,M104,2026-03-29T21:25:00Z,20.93444444,-156.6927778,32.884,2.98,0,0.196,15.303,NA
Maui,M105,2026-03-29T20:59:00Z,20.94507,-156.69245,34.06,0.267,0,0.173,7.358,0
Maui,M106,2026-03-29T23:29:00Z,20.915928,-156.696362,35.879,0.828,0,0.1151,3.038,0.4664
Maui,M107,2026-03-29T23:14:00Z,21.0135,-156.6379333,31.88,4.129,0.099,0.533,17.488,0.909
Maui,M108,2026-03-29T23:46:59Z,21.01125,-156.64275,35.62,0.878,0,0.193,4.494,0.327
Maui,M109,2026-03-29T23:59:59Z,21.00553889,-156.6501889,35.54,0.551,0,0.202,4.203,0.251
Maui,M11,2026-03-29T23:37:00Z,20.79611111,-156.5855556,33.521,1.753,0,0.083,5.176,NA
Maui,M113,2026-03-29T23:16:00Z,20.920803,-156.696024,35.379,0.9309,0,0.1327,3.0741,0.1767
Maui,M114,2026-03-29T23:52:00Z,20.910666,-156.689716,35.679,1.8269,0,0.2086,5.4573,0.9507
Maui,M115,2026-03-29T23:20:00Z,20.89722222,-156.685,32.769,12.4571,0.0964,0.5682,63.5342,0.7124
Maui,M120,2026-04-01T02:37:00Z,20.91305556,-156.4011111,32.22,1.293,0,0.169,7.125,0.277
Maui,M121,2026-03-29T23:46:00Z,20.88138889,-156.6869444,28.587,0.674,0,0.114,8.903,NA
Maui,M122,2026-03-29T23:39:00Z,20.912922,-156.693314,32.37,0.772,0,0.188,4.829,0
Maui,M123,2026-03-29T23:07:00Z,20.923831,-156.695126,34.36,0.676,0,0.135,5.272,NA
Maui,M125,2026-03-29T23:24:00Z,20.89444444,-156.6847222,29.574,NA,2.8666,4.7821,NA,20.7763
Maui,M126,2026-03-29T23:01:00Z,20.925655,-156.695154,34.051,1.769,0,0.189,14.391,NA
Maui,M127,2026-03-29T23:46:00Z,20.911661,-156.690421,33.909,0.934,0,0.2391,4.6769,2.446
Maui,M128,2026-03-29T22:53:00Z,20.926797,-156.695703,34,6.398,0,0.425,28.595,0
Maui,M13,2026-03-29T21:31:00Z,20.78611111,-156.4686111,33.359,1.213,0,0.1349,3.5938,0.7111
Maui,M130,2026-03-30T00:24:00Z,20.90279722,-156.6852722,34.29,5.534,0,0.667,41.245,0.862
Maui,M135,2026-03-29T23:53:59Z,20.78381,-156.46568,28.387,0.69,0,0.136,2.399,NA
Maui,M136,2026-03-29T20:45:00Z,20.67527778,-156.4436111,35.329,1.5507,0,0.105,8.3849,0.1181
Maui,M141,2026-03-29T20:55:00Z,20.69138889,-156.4441667,25.55,11.425,0,NA,12.248,0
Maui,M142,2026-03-29T19:49:00Z,20.59944444,-156.4205556,28.25,28.0899,<0.07,0.5293,61.7807,5.033
Maui,M143,2026-03-29T19:55:00Z,20.59916667,-156.4202778,33.652,16.0953,0.118,0.1686,4.9971,0.5798
Maui,M147,2026-03-29T21:42:00Z,20.9013572,-156.439815,32.529,12.3303,0.1259,0.2943,54.8397,0.2266
Maui,M148,2026-03-29T20:04:00Z,20.59861111,-156.4194444,34.051,6.543,0.129,0,4.003,NA
Maui,M15,2026-03-30T00:35:00Z,20.92222222,-156.3738889,33.861,0,0,0,5.866,NA
Maui,M150,2026-03-29T19:07:00Z,20.86694444,-156.6755556,33.123,0.428,0,0.122,15.066,NA
Maui,M151,2026-03-29T19:13:00Z,20.86861111,-156.6766667,35.599,0.9368,0,0.0999,3.5671,0.3767
Maui,M153,2026-03-29T23:27:00Z,20.7966982,-156.5862323,35.319,2.4011,0,0,3.1179,1.5198
Maui,M154,2026-03-29T22:39:00Z,20.8971556,-156.4471962,32.64,5.445,0.092,0.376,26.832,0
Maui,M155,2026-03-29T21:56:00Z,20.9016136,-156.4372487,32.849,18.053,0.176,0.8838,106.5632,1.6616
Maui,M16,2026-03-29T21:12:59Z,20.79416667,-156.4836111,34.73,0,0,0.191,2.031,0
Maui,M162,2026-03-30T00:17:00Z,20.80944444,-156.6225,33.85,0.986,0,0.24,13.237,0
Maui,M164,2026-03-29T21:03:00Z,20.78138889,-156.4630556,25.97,9.727,0.341,NA,13.919,0
Moloka'i,M167,2026-03-29T20:30:00Z,21.05830556,-156.8326111,21.63,4.8363,0.1628,1.1936,NA,2.1932
Moloka'i,M169,2026-03-29T21:44:59Z,21.09488889,-156.7615278,31.57,2.89,0.097,0.575,20.818,1.551
Moloka'i,M171,2026-03-29T00:12:00Z,21.07055556,-156.975,32.298,0.438,0,1.723,38.139,NA
Maui,M172,2026-03-29T23:53:59Z,20.80888889,-156.605,33.109,4.0378,0.1135,0.4338,19.2291,6.6632
Maui,M176,2026-03-29T23:34:00Z,20.80972222,-156.6016667,33.02,1.65,0,0,4.244,NA
Maui,M177,2026-03-30T00:01:00Z,20.80972222,-156.6072222,28.799,1.2044,0,0.2322,11.9939,2.4761
Maui,M178,2026-03-30T00:06:00Z,20.81027778,-156.6108333,32.71,2.184,0,0.176,5.719,0
Maui,M179,2026-03-30T00:03:00Z,20.81,-156.6086111,29.03,4.7013,<0.07,0.1597,17.5865,0.3574
Maui,M18,2026-03-29T23:33:00Z,20.79583333,-156.5844444,35.779,0.809,0,0,2.5907,0.5218
Maui,M180,2026-03-30T00:15:00Z,20.80916667,-156.6222222,34.689,30.8363,0.235,0.5886,9.1206,0.7625
Maui,M181,2026-03-29T17:59:00Z,20.67138889,-156.4436111,33.582,2.719,0,0.177,21.036,NA
Maui,M182,2026-03-29T19:17:59Z,21.003957,-156.660197,26.801,0.933,0,0.129,7.454,NA
Maui,M183,2026-03-29T18:06:00Z,20.669722,-156.44305,33.963,2.994,0,0.096,9.914,NA
Maui,M184,2026-04-02T03:48:00Z,20.912346,-156.693116,35.51,0.99,0,0.159,5.833,0.258
Maui,M185,2026-03-29T01:23:59Z,20.93588889,-156.3393611,0.58,26.991,0.27,0.986,174.117,1.137
Maui,M186,2026-03-30T01:00:00Z,20.70416667,-156.4463889,34.48,2.608,0,0.163,6.737,0
Maui,M189,2026-03-30T00:06:59Z,20.7823,-156.46397,35.719,0.893,0,0.3687,7.5721,0.7316
Maui,M19,2026-03-30T00:44:00Z,20.91916667,-156.3788889,30.639,5.241,0,0.287,15.6905,1.1235
Maui,M190,2026-03-30T00:50:00Z,20.7125,-156.4463889,34.58,2.849,0,0.221,10.292,0
Maui,M191,2026-03-29T17:36:00Z,20.66027778,-156.4416667,33.55,21.355,0,0.232,17.034,0
Maui,M192,2026-04-02T03:56:00Z,20.914155,-156.695346,35.58,0.778,0,0.186,4.455,0.08
Maui,M193,2026-03-29T17:40:59Z,20.6625,-156.4416667,34.919,4.1359,0,0.1352,30.7833,0.2547
Maui,M194,2026-03-29T19:10:59Z,21.004115,-156.658969,35.449,0.1103,0,0,0,0.248
Maui,M195,2026-03-29T18:30:00Z,20.999189,-156.666585,34.73,0.999,0,0.246,18.876,0
Maui,M196,2026-03-29T18:49:00Z,20.995896,-156.666279,34.57,1.989,0,0.272,12.762,0
Maui,M197,2026-04-08T01:02:00Z,20.923463,-156.695504,23.59,1.327,0,0.835,4.907,1.94
Maui,M198,2026-04-08T01:13:00Z,20.9195369,-156.6965329,31.17,0.536,0,0.164,2.033,0.221
Maui,M199,2026-03-30T00:25:00Z,20.72055556,-156.4475,32.965,8.55,0,0.245,31.067,NA
Maui,M200,2026-04-08T00:38:59Z,20.929249,-156.694426,31.37,1.171,0,0.206,8.565,0.105
Maui,M201,2026-03-29T17:20:00Z,20.65388889,-156.4411111,32.619,8.1553,0,0.3722,21.1318,1.2116
Maui,M202,2026-03-29T01:04:59Z,20.93411111,-156.3566111,35.08,2.044,0,0.163,10.959,0.08
Maui,M203,2026-04-02T03:38:00Z,20.91014,-156.689199,34.73,7.755,0.093,0.255,23.747,0.145
Maui,M204,2026-04-08T00:51:59Z,20.926337,-156.695698,25.65,1.518,0,0.247,8.014,0.3
Maui,M205,2026-03-30T03:12:59Z,20.941,-156.2991111,2.87,10.422,0,0.539,118.205,2.927
Moloka'i,M207,2026-03-29T00:55:00Z,21.06333333,-156.945,23.49,4.297,0.123,0.695,41.582,4.601
Moloka'i,M208,2026-03-29T21:06:59Z,21.09388889,-157.3,33.65,2.579,0.142,0.234,4.107,1.074
Moloka'i,M211,2026-03-29T22:41:00Z,21.11455556,-156.7376389,28.02,NA,NA,NA,NA,NA
Moloka'i,M212,2026-03-29T18:46:00Z,21.11277778,-157.3022222,34.335,0.804,0.086,0.204,9.95,NA
Moloka'i,M213,2026-03-29T19:09:00Z,21.10833333,-157.3058333,32.923,1.416,0.091,0.297,3.554,NA
Moloka'i,M214,2026-03-29T19:51:00Z,21.10194444,-157.3102778,34.69,1.425,0.09,0.152,3.33,0.605
Moloka'i,M216,2026-03-29T19:40:00Z,21.10333333,-157.3086111,34.24,0.725,0,0.091,2.014,0.082
Moloka'i,M217,2026-03-30T10:07:00Z,21.09333333,-157.2869444,31.624,2.649,0.103,0.411,24.608,NA
Moloka'i,M218,2026-03-29T20:07:00Z,21.1,-157.3091667,34.69,1.366,0.086,0.14,3.699,0
Moloka'i,M219,2026-03-29T21:48:00Z,21.09388889,-157.2922222,34.229,2.968,0.143,0.195,6.253,NA
Maui,M22,2026-03-29T23:49:00Z,20.80694444,-156.6013889,29.55,0.281,0,0.234,18.854,0.739
Moloka'i,M220,2026-03-29T19:48:00Z,21.10222222,-157.31,34.54,1.579,0.096,0.096,4.127,NA
Moloka'i,M222,2026-03-29T22:26:00Z,21.11013889,-156.7448889,13.52,2.958,0.133,0.618,72.311,1.624
Moloka'i,M223,2026-03-30T02:21:00Z,21.1978,-157.13225,32.86,0.708,0,0.21,1.092,0.455
Moloka'i,M224,2026-03-29T20:44:00Z,21.06427778,-156.8220278,28.08,1.779,0,0.403,90.36,0.356
Moloka'i,M225,2026-03-30T01:35:00Z,21.19781,-157.15208,26.67,0.544,0,NA,1.085,0.34
Moloka'i,M226,2026-03-30T08:19:00Z,21.09888889,-157.3080556,31.765,NA,1.3034,2.3534,NA,19.3045
Moloka'i,M227,2026-03-29T19:29:59Z,21.10472222,-157.3069444,33.977,1.288,0.104,0.252,4.545,NA
Moloka'i,M228,2026-03-29T20:12:00Z,21.09888889,-157.3080556,35.01,1.632,0.082,0.167,4.158,0.218
Maui,M23,2026-03-29T13:08:00Z,20.91555556,-156.3866667,29.854,8.329,0,0.183,28.741,NA
Moloka'i,M230,2026-03-29T19:19:00Z,21.10666667,-157.3063889,34.466,1.28,0.077,0.294,3.097,NA
Moloka'i,M231,2026-03-29T10:45:00Z,21.09138889,-157.2775,34.105,3.018,0.142,0.242,9.311,NA
Moloka'i,M232,2026-03-28T11:27:59Z,21.07055556,-156.9772222,32.56,0.318,0,1.21,30.466,0.103
Moloka'i,M233,2026-03-30T10:23:00Z,21.09277778,-157.2819444,32.49,3.243,0.14,0.205,11.114,1.904
Moloka'i,M234,2026-03-29T18:48:00Z,21.11166667,-157.3113889,34.8,1.363,0.08,0.142,4.365,0.411
Moloka'i,M236,2026-03-28T23:40:59Z,21.06972222,-156.9788889,33.682,0.508,0,1.366,68.11,NA
Moloka'i,M237,2026-03-29T00:35:00Z,21.07222222,-156.9797222,30.534,0.726,0,0.851,8.919,NA
Moloka'i,M238,2026-03-30T02:26:00Z,21.19577,-157.13592,34.99,0.492,0,0.115,1.119,0
Moloka'i,M239,2026-03-30T01:20:00Z,21.19672,-157.14338,33.59,0.542,0,0.151,1.669,0
Maui,M24,2026-03-29T21:21:00Z,20.79361111,-156.4819444,34.239,0.44,0,0.2408,1.9777,0.3573
Moloka'i,M240,2026-03-29T22:36:59Z,21.11444444,-156.7399444,32.3,NA,NA,NA,NA,NA
Moloka'i,M241,2026-03-28T23:47:59Z,21.09555556,-157.0361111,29.71,5.499,0,NA,52.928,7.146
Moloka'i,M242,2026-03-29T18:28:00Z,21.11388889,-157.3011111,34.331,1.957,0.106,0.099,4.545,NA
Moloka'i,M243,2026-03-29T00:38:00Z,21.06888889,-156.9638889,33.4,0.312,0,0.798,14.795,0.126
Moloka'i,M247,2026-03-30T01:07:00Z,21.19663,-157.144,26.42,0.563,0,0.19,1.564,0.221
Moloka'i,M248,2026-03-29T21:51:00Z,21.09533333,-156.7604722,30.98,2.237,0.083,NA,26.18,2.058
Moloka'i,M249,2026-03-29T21:38:59Z,21.08938889,-156.7699722,30.99,NA,NA,NA,NA,NA
Maui,M25,2026-03-30T01:12:00Z,20.91555556,-156.3880556,34.22,5.443,0,0.259,17.065,0
Moloka'i,M252,2026-03-29T20:40:59Z,21.0635,-156.8225556,27.4,11.0522,0.1365,1.4775,161.429,10.6599
Moloka'i,M253,2026-03-29T20:34:00Z,21.05797222,-156.8328056,20.83,3.8497,0.1392,0.7396,43.8224,4.1209
Moloka'i,M254,2026-03-29T17:46:59Z,21.12388889,-157.3,34.362,2.613,0.127,0.222,10.934,NA
Moloka'i,M258,2026-03-29T21:24:00Z,21.07394444,-156.7924722,18.69,27.257,0.462,NA,234.907,3.714
Moloka'i,M259,2026-03-29T00:40:00Z,21.06777778,-156.9669444,31.367,0.89,0,NA,79.854,NA
Maui,M26,2026-03-29T23:52:00Z,20.8075,-156.6025,31.556,3.173,0.321,0.366,83.732,NA
Moloka'i,M261,2026-03-29T02:00:00Z,21.07063889,-156.7962222,28.21,3.381,0.167,0.597,40.473,3.19
Moloka'i,M262,2026-03-29T19:42:59Z,21.10277778,-157.3091667,34.357,1.316,0.079,0.071,3.449,NA
Moloka'i,M263,2026-03-29T19:34:00Z,21.10388889,-157.3077778,35.07,1.112,0,0.13,3.773,0.238
Moloka'i,M264,2026-03-29T20:43:00Z,21.09638889,-157.3044444,34.41,2.378,0.108,0.147,2.905,NA
Moloka'i,M265,2026-03-28T23:19:00Z,21.07833333,-156.9966667,33.1,0.6181,0,1.1147,31.3387,3.3878
Moloka'i,M266,2026-03-29T19:57:00Z,21.10111111,-157.3105556,34.89,1.444,0.078,0.143,4.105,0.371
Moloka'i,M268,2026-03-28T23:06:00Z,21.08611111,-157.0238889,34.128,1.133,0,0.267,3.949,NA
Moloka'i,M269,2026-03-29T22:13:00Z,21.10536111,-156.7464444,32.47,2.528,0,0.298,11.407,1.799
Maui,M27,2026-03-29T20:19:00Z,20.76444444,-156.4594444,32.269,79.281,0.6071,0.6862,17.7659,0
Moloka'i,M270,2026-03-30T01:19:00Z,21.19733,-157.1461,35.11,0.573,0,0.132,1.803,0.156
Moloka'i,M271,2026-03-29T20:53:59Z,21.0952,-157.3019,34.77,2.445,0.132,0.215,3.617,1.002
Moloka'i,M273,2026-03-29T16:54:00Z,21.13388889,-157.2941667,33.637,1.623,0.098,0.196,4.715,NA
Moloka'i,M274,2026-03-29T17:27:00Z,21.1275,-157.2977778,34.99,1.459,0.096,0.153,4.61,0.183
Moloka'i,M275,2026-03-29T21:57:00Z,21.09930556,-156.7550278,28.46,4.933,0.187,NA,65.38,6.821
Moloka'i,M276,2026-03-29T20:02:59Z,21.10083333,-157.3097222,34.56,1.814,0.086,NA,3.747,0.56
Moloka'i,M277,2026-03-29T20:08:59Z,21.057,-156.8502778,30.65,2.536,0,0.543,63.788,5.269
Moloka'i,M278,2026-03-29T22:20:00Z,21.10622222,-156.7458056,33.09,4.736,0.079,0.41,20.457,1.112
Moloka'i,M279,2026-03-28T23:18:00Z,21.0875,-157.025,34.222,0.898,0,0.125,1.641,NA
Maui,M28,2026-03-29T23:10:00Z,20.79305556,-156.5688889,34.369,2.961,0.0809,0.22,13.0085,2.8562
Moloka'i,M282,2026-03-29T22:29:00Z,21.11102778,-156.7446389,16.38,2.324,0.071,0.566,57.96,3.197
Moloka'i,M283,2026-03-30T01:06:00Z,21.1967,-157.14338,34.91,0.353,0,0.172,2.344,0.708
Moloka'i,M284,2026-03-29T20:21:00Z,21.0540827,-156.843865,32.25,3.562,0.175,NA,27.923,6.221
Moloka'i,M286,2026-03-28T23:31:00Z,21.08555556,-157.0194444,32.24,0.431,0,0.404,21.836,0.115
Moloka'i,M288,2026-03-29T21:09:00Z,21.07047222,-156.7963056,31.63,2.59,0.145,0.612,37.427,3.183
Moloka'i,M289,2026-03-29T19:26:00Z,21.1056,-157.3071,34.405,0.887,0.082,0,4.169,NA
Maui,M29,2026-03-29T19:19:00Z,20.74833333,-156.4577778,27.929,1.275,0,0.3445,21.8845,3.5459
Moloka'i,M290,2026-03-28T23:53:00Z,21.07,-156.9805556,33.516,0.321,0,0.916,8.041,NA
Moloka'i,M292,2026-03-29T23:34:00Z,21.15869444,-156.7371389,10.83,1.9235,0,0.3782,28.5576,4.6707
Moloka'i,M293,2026-03-29T23:10:00Z,21.15819444,-156.7358611,31.8,0.85,0,0.227,4.727,0.937
Moloka'i,M294,2026-03-28T23:34:59Z,21.08583333,-157.0233333,33.315,0.943,0,0.377,14.029,NA
Moloka'i,M295,2026-03-29T22:09:00Z,21.10486111,-156.7479444,34.08,3.953,0.121,0.493,11.433,1.503
Moloka'i,M296,2026-03-29T21:30:00Z,21.07855556,-156.7878056,30.64,3.1659,0.2103,0.8524,57.5215,6.6452
Moloka'i,M297,2026-03-29T22:02:00Z,21.10147222,-156.7525,28.93,6.872,0.43,NA,34.212,16.712
Moloka'i,M298,2026-03-29T22:06:00Z,21.10369444,-156.7493889,29.56,27.42,0.499,NA,59.263,7.072
Moloka'i,M299,2026-03-28T23:46:00Z,21.06972222,-156.98,33.337,0.744,0,0.806,27.298,NA
Maui,M30,2026-03-29T23:10:00Z,20.79388889,-156.5747222,27.227,0.258,0,0.094,2.773,NA
Moloka'i,M300,2026-03-29T21:19:00Z,21.0933,-157.2983,34.98,2.377,0.14,0.193,4.163,0.474
Maui,M31,2026-03-29T11:46:00Z,20.80583333,-156.5994444,26.28,0.109,0,0.296,22.761,0.392
Maui,M32,2026-03-29T23:14:59Z,20.79333333,-156.5725,34.338,0.287,0,0.073,4.377,NA
Maui,M33,2026-03-29T18:50:00Z,20.73138889,-156.4538889,15.939,2.253,0,0,21.499,NA
Maui,M34,2026-03-29T18:44:00Z,20.72861111,-156.4508333,32.29,44.221,0.574,0.957,59.777,0.369
Maui,M35,2026-03-29T23:17:00Z,20.79361111,-156.5738889,35.979,1.314,0,0.0837,1.7607,0.5782
Maui,M36,2026-03-29T19:13:00Z,20.74722222,-156.4580556,31.57,12.935,0,NA,44.3,0.995
Maui,M37,2026-03-29T19:25:00Z,20.75194444,-156.46,32.259,0.642,0,0.1417,30.475,1.4083
Maui,M38,2026-03-29T19:59:00Z,20.75916667,-156.46,22.6,3.389,0.076,0.348,20.113,1.106
Maui,M39,2026-03-29T19:31:00Z,20.75333333,-156.46,23.999,2.427,0,0.3059,57.3618,2.9265
Maui,M4,2026-03-29T22:57:00Z,20.79585,-156.48973,35.42,1.049,0,0.276,2.179,0.133
Maui,M40,2026-03-29T19:02:00Z,20.74361111,-156.4575,31.85,6.091,0,NA,38.523,0
Maui,M41,2026-03-29T19:55:00Z,20.7575,-156.4597222,32.409,6.583,0.158,0.408,40.839,NA
Maui,M42,2026-03-29T20:04:00Z,20.76083333,-156.46,32.66,5.105,0.152,0.368,32.342,1.823
Maui,M43,2026-03-29T19:49:00Z,20.75555556,-156.4594444,31.101,7.219,0.126,0.448,60.425,NA
Maui,M44,2026-03-29T20:07:00Z,20.76194444,-156.4597222,27.969,5.353,0.1012,0.285,23.4929,2.1896
Maui,M45,2026-03-29T19:20:00Z,20.755277,-156.4594,32.689,10.442,0.169,0.7016,56.0851,0.8896
Maui,M46,2026-03-29T18:40:00Z,20.7275,-156.45,29.748,NA,0.339,0.701,82.601,NA
Maui,M47,2026-03-29T18:31:59Z,20.89027778,-156.4486111,32.979,11.7413,0,0.4342,28.0452,0.531
Maui,M48,2026-03-29T20:24:00Z,20.76583333,-156.4594444,32.1,13.763,0.082,NA,48.751,0
Maui,M49,2026-03-29T18:57:00Z,20.73972222,-156.4566667,29.689,1.074,0,0.1722,27.3113,1.6439
Maui,M5,2026-03-29T23:01:59Z,20.79688,-156.49351,31.63,0.511,0,0.181,1.292,0.244
Maui,M50,2026-03-29T18:25:00Z,20.88722,-156.4475,33.159,12.6975,0,0.4414,46.1368,0.5616
Maui,M52,2026-03-29T23:37:00Z,20.7966,-156.50176,34.04,0.977,0,0.221,2.151,0.461
Maui,M53,2026-03-29T23:47:59Z,20.7957,-156.50561,34.74,3.403,0,0.22,13.481,0.385
Maui,M56,2026-03-29T21:15:00Z,20.78305556,-156.465,28.211,0.863,0,0.223,7.015,NA
Maui,M57,2026-03-29T22:21:00Z,20.78888889,-156.4719444,36.039,0.593,0,0.1505,2.4003,2.0411
Maui,M58,2026-03-29T21:21:00Z,20.78416667,-156.4661111,31.301,0.205,0,0.17,2.854,NA
Maui,M59,2026-03-29T21:09:00Z,20.78194444,-156.4638889,35.149,6.54,0.2013,0.3271,11.5618,1.0339
Maui,M6,2026-03-29T23:29:00Z,20.79527778,-156.5833333,31.152,1.102,0,0,6.121,NA
Maui,M62,2026-03-29T21:41:00Z,20.78722222,-156.47,34.629,1.36,0,0.3658,6.9554,4.866
Maui,M63,2026-03-29T21:25:59Z,20.785,-156.4677778,25.59,0.987,0,0.291,7.26,0.342
Maui,M64,2026-03-29T21:25:00Z,20.7925,-156.4802778,37.539,0.692,0,0,6.184,NA
Maui,M68,2026-03-30T01:01:00Z,20.91555556,-156.3847222,35.419,2.3677,0,0.3318,8.6362,1.3919
Maui,M69,2026-03-29T19:29:59Z,20.7556,-156.4568661,32.129,5.398,0.0836,0.2782,34.3543,1.411
Maui,M7,2026-03-29T23:25:00Z,20.79472222,-156.5819444,29.95,1.597,0,0.104,2.587,0
Maui,M73,2026-03-30T00:56:00Z,20.91611111,-156.3830556,33.737,3.062,0,0.376,22.31,NA
Maui,M74,2026-03-29T23:26:00Z,20.88915,-156.684934,24.27,1.702,0,0.057,14.107,0.339
Maui,M75,2026-03-30T01:07:00Z,20.82388889,-156.6313889,35.139,2.2778,0,0.0783,15.1233,1.0321
Maui,M76,2026-03-29T22:38:00Z,20.79272,-156.50906,18.47,7.909,0,0.247,29.59,0.51
Maui,M77,2026-03-29T23:39:00Z,20.79624,-156.50398,34.32,2.46,0,0.206,8.892,0.448
Maui,M78,2026-03-29T23:42:00Z,20.883135,-156.687683,34.529,1.042,0,0.0993,6.3025,0.6716
Maui,M79,2026-03-29T20:25:00Z,20.97611111,-156.6780556,33.912,1.927,0,0.176,15.606,NA
Maui,M8,2026-03-29T21:35:00Z,20.79111111,-156.4775,35.509,1.393,0,0.2236,1.2125,1.2466
Maui,M81,2026-03-29T23:30:00Z,20.79694444,-156.5869444,34.36,1.343,0,0.034,3.745,0
Maui,M83,2026-03-30T00:16:00Z,20.80888889,-156.6233333,34.579,1.9672,0.0787,0.1335,7.6045,1.1571
Maui,M86,2026-03-31T03:09:00Z,20.90611111,-156.4311111,29.5,11.7,0,0.261,51.367,0.465
Maui,M87,2026-03-29T20:33:00Z,20.96888889,-156.6802778,31.939,17.7294,0.0906,0.8144,85.6593,0.7386
Maui,M88,2026-03-29T20:11:00Z,20.98222222,-156.6733333,31.135,4,0.075,0.39,34.095,NA
Maui,M89,2026-03-29T19:36:00Z,21.00416667,-156.6591667,32.604,1.056,0,0.084,2.632,NA
Maui,M9,2026-03-29T22:52:00Z,20.79561,-156.48709,35.18,0.877,0,0.277,2.261,0.355
Maui,M91,2026-04-01T02:08:59Z,20.90972222,-156.4088889,35.32,2.517,0,0.388,14.254,0.57
Maui,M92,2026-03-29T20:49:00Z,20.94916667,-156.6911111,29.469,1.1211,0,0.2439,10.6139,5.4061
Maui,M93,2026-03-29T20:17:00Z,20.97861111,-156.6761111,30.131,14.7745,<0.07,0.2605,7.5722,1.8605
Maui,M94,2026-03-29T19:55:00Z,20.99416667,-156.6675,27.49,0.814,0,0.185,16.808,NA
Maui,M95,2026-03-29T21:15:00Z,20.93065,-156.693682,33.265,1.492,0,0.153,11.429,NA
Maui,M96,2026-03-29T21:22:00Z,20.933456,-156.692855,32.885,1.333,0,0.151,9.827,NA
Maui,M97,2026-04-01T02:30:00Z,20.91277778,-156.4025,30.95,1.306,0,0.168,6.855,0.307
Maui,M98,2026-03-29T20:40:59Z,20.95444444,-156.6866667,29.308,0.518,0,0.162,20.769,NA
Maui,M99,2026-03-29T19:46:00Z,20.99916667,-156.6666667,35.549,1.3472,0,0.2124,6.6756,0.7758
Maui,MA1,2026-03-30T00:47:00Z,20.848969,-156.657038,31.89,35.102,0,0.596,35.763,0.248
Moloka'i,MK1,2026-03-29T19:00:00Z,21.1007,-157.08815,33.8,0.42,0,1.216,9.807,0
Moloka'i,MK2,2026-03-29T20:59:59Z,21.20296,-157.24756,34.94,0.713,0,0.593,7.128,0.332
Moloka'i,MK23,2026-03-29T23:37:00Z,21.15833333,-156.7372222,8.64,4.109,0,0.576,48.135,3.886
Moloka'i,MK24,2026-03-29T22:02:00Z,21.18694444,-156.9847222,16.5,1.5108,0,0.1907,33.5438,0.7084
Moloka'i,MK25,2026-03-29T22:14:00Z,21.18277778,-156.9877778,32,0.9099,0,0.191,12.9047,0.5816
Moloka'i,MK28,2026-03-29T22:15:00Z,21.18277778,-156.9877778,29.13,0.893,0,0.3831,7.6506,4.8316
Moloka'i,MK29,2026-03-30T00:06:00Z,21.19527778,-156.9830556,35.71,0.2994,0,0.1468,0,1.2397
Moloka'i,MK3,2026-03-30T01:00:00Z,21.07994,-157.00255,34.17,0.214,0,0.559,18.352,0
Moloka'i,MK31,2026-03-30T00:06:59Z,21.195,-156.9833333,35.94,NA,NA,NA,NA,NA
Moloka'i,MK4,2026-03-30T01:00:00Z,21.08045,-157.00348,33.99,0.379,0,0.49,18.949,0
Moloka'i,MK5,2026-03-30T01:15:00Z,21.08119,-157.00759,32.17,0.343,0,0.858,37.487,1.221
O'ahu,OA1,2026-03-29T20:08:59Z,21.59631,-158.104,32.39,11.419,0.213,0.585,52.274,1.153
O'ahu,OA10,2026-03-29T21:42:00Z,21.439642,-157.782224,31.35,0.107,0,0.07,12.55,NA
O'ahu,OA100,2026-03-29T22:48:00Z,21.26722222,-157.7783333,34.87,1.906,0.0877,0.1394,35.028,1.3146
O'ahu,OA1001,2026-03-30T01:20:00Z,21.37711111,-158.2804444,35,0,0,0.11,0.686,0
O'ahu,OA1002,2026-03-30T01:20:00Z,21.37711111,-158.2804444,35.07,0,0,0.092,2.503,0
O'ahu,OA1003,2026-03-30T01:20:00Z,21.37711111,-158.2804444,35.1,0,0,0.109,1.036,0
O'ahu,OA1004,2026-03-30T20:59:59Z,22.71677778,-157.8929167,35.51,0,0,0.077,1.15,0
O'ahu,OA1005,2026-03-30T20:59:59Z,22.71677778,-157.8929167,35.33,0,0,0.121,0.483,0.252
O'ahu,OA1006,2026-03-30T20:59:59Z,22.71677778,-157.8929167,35.46,0,0,0,1.996,0
O'ahu,OA101,2026-03-29T22:13:00Z,21.2575,-157.7963889,35.73,4.978,0,0,15.1251,0.5996
Maui,OA106,2026-03-29T21:47:00Z,20.93692,-156.69298,32.13,1.62,0,0.238,10.623,0
Maui,OA107,2026-03-29T18:05:00Z,20.93333333,-156.3591667,34.57,2.689,0,0.164,9.802,0
Maui,OA109,2026-03-29T23:39:00Z,20.89083333,-156.685,34.32,1.218,0,0.126,7.451,0
O'ahu,OA11,2026-03-29T21:51:00Z,21.447035,-157.781981,33.21,0.39,0,0.07,6.81,NA
Maui,OA110,2026-03-29T19:27:00Z,20.64638889,-156.4430556,32.84,26.749,0,0.091,34.751,0
Maui,OA111,2026-03-29T23:01:00Z,20.91055556,-156.6897222,34.58,1.986,0,0.213,6.999,0
Maui,OA112,2026-03-29T18:12:00Z,20.92944444,-156.3675,34.61,0.677,0,0.236,6.867,0
Maui,OA113,2026-03-29T19:16:59Z,20.704119,-156.446584,31.5,12.403,0,0.161,19.437,0
Maui,OA114,2026-03-29T10:01:00Z,20.94939,-156.69144,28.72,0.944,0,0.177,14.889,0.613
Maui,OA115,2026-03-29T15:48:00Z,20.67555556,-156.4436111,31.6,0.455,0,0.188,6.151,0
Maui,OA116,2026-03-29T21:24:00Z,20.93662,-156.69482,33.72,0.472,0,0.108,1.677,0
Maui,OA117,2026-03-29T23:50:00Z,20.880379,-156.685413,31.33,0.85,0,0.125,6.687,0
Moloka'i,OA118,2026-03-29T00:50:00Z,21.05813889,-156.8325278,28.65,2.503,0.205,0.752,67.611,0.484
O'ahu,OA12,2026-03-29T21:22:00Z,21.4575925,-157.8254332,20.72,0.06,0,1.353,54.737,NA
Moloka'i,OA121,2026-03-29T00:40:00Z,21.05475,-156.8396944,31.61,6.113,0.259,0.473,39.193,1.21
Moloka'i,OA123,2026-03-28T23:00:00Z,21.0740675,-156.983768,31.38,6.208,0.176,1.179,75.57,0
Moloka'i,OA127,2026-03-29T02:58:00Z,21.0627036,-156.9402703,31.4,0.572,0,0.599,22.641,0
Moloka'i,OA128,2026-03-29T01:13:00Z,21.0551691,-156.8943981,28.7,21.404,0.615,1.12,100.183,0
Moloka'i,OA129,2026-03-29T00:53:00Z,21.0702578,-156.9678574,30.15,1.337,0.071,1.069,73.015,0
O'ahu,OA13,2026-03-29T21:38:00Z,21.4647542,-157.8255322,27.07,0.086,0,0.288,16.284,NA
Moloka'i,OA130,2026-03-29T01:07:00Z,21.0471118,-156.8752188,33.74,1.817,0,0.235,13.85,0.082
Moloka'i,OA131,2026-03-29T02:53:00Z,21.0604447,-156.9340971,30.92,6.45,0.244,1.024,45.325,2.457
Maui,OA133,2026-03-29T10:03:00Z,20.78114,-156.46292,28.648,8.37,0.084,0.534,13.9105,0.2571
Maui,OA134,2026-03-29T10:10:59Z,20.77028,-156.45942,25.19,30.226,0.127,0.583,118.48,0.535
Maui,OA139,2026-03-29T21:54:00Z,20.77397,-156.46053,25.46,7.822,0,0.182,30.292,0
O'ahu,OA14,2026-03-29T21:46:00Z,21.4720562,-157.8255076,30.2,0.079,0,0.128,9.438,NA
Maui,OA140,2026-03-29T21:05:00Z,20.76156,-156.45988,24.702,3.581,0.114,0.241,26.223,0.332
Maui,OA142,2026-03-29T21:12:59Z,20.76376,-156.45931,30.3,5.773,0.124,0.331,39.225,4.982
Maui,OA143,2026-03-29T21:25:59Z,20.75868,-156.45987,29.52,5.539,0.112,0.325,29.265,1.299
O'ahu,OA144,2026-03-29T03:55:00Z,21.45166667,-157.7769444,33.63,0.067,0,0.167,2.207,0
O'ahu,OA145,2026-03-29T03:31:59Z,21.43861111,-157.7644444,29.5,0,0,0.589,17.038,0
O'ahu,OA146,2026-03-29T04:04:00Z,21.45361111,-157.7741667,32.71,0.621,0,0.271,7.75,0
O'ahu,OA147,2026-03-29T04:19:00Z,21.45666667,-157.7688889,33.53,0.345,0,0.18,3.06,0
O'ahu,OA148,2026-03-29T04:55:00Z,21.45388889,-157.7411111,34.3,0.106,0,0.16,1.478,0
O'ahu,OA149,2026-03-29T04:31:00Z,21.46138889,-157.7636111,32.49,0,0,0.183,4.716,0
O'ahu,OA15,2026-03-29T21:56:00Z,21.4800931,-157.8253327,32.68,0.138,0,0.07,6.59,NA
O'ahu,OA150,2026-03-29T05:08:59Z,21.44416667,-157.7366667,34.35,0.15,0,0.157,0.84,0
O'ahu,OA151,2026-03-28T21:02:00Z,21.42972222,-157.7919444,18.64,0,0,0.669,36.906,0
O'ahu,OA152,2026-03-29T21:29:00Z,21.435107,-157.7871975,25.53,0,0,0.214,23.609,0
O'ahu,OA153,2026-03-29T21:40:00Z,21.4355826,-157.7894067,24.58,0,0,0.302,22.314,0
O'ahu,OA154,2026-03-30T01:03:00Z,21.425,-157.7913889,22.3,0,0,0.504,26.128,0
O'ahu,OA155,2026-03-30T01:04:00Z,21.43055556,-157.7916667,20.2,0,0,0.651,35.503,0
O'ahu,OA157,2026-03-29T21:25:00Z,21.4335419,-157.7867593,24.72,0.073,0,0.258,25.422,0
O'ahu,OA16,2026-03-29T22:04:59Z,21.4880978,-157.8253362,33.92,0.351,0,0.07,3.113,NA
O'ahu,OA160,2026-03-29T01:29:00Z,21.26111111,-157.7113889,36.83,0.338,0,0,0.1624,0.2741
O'ahu,OA162,2026-03-30T03:31:59Z,21.27547222,-157.8259722,36.89,NA,NA,NA,NA,NA
O'ahu,OA164,2026-03-29T20:30:00Z,21.46694444,-158.4055556,35.84,2.685,0.1205,0,10.1214,0.3573
O'ahu,OA165,2026-03-30T04:02:00Z,21.4075,-157.7416667,34.87,0.266,0,0.0787,12.0071,0.3183
O'ahu,OA166,2026-03-29T04:35:00Z,21.25888889,-157.8191667,32.49,1.264,0,0,5.6423,0.5682
O'ahu,OA167,2026-03-29T04:58:00Z,21.255,-157.8066667,34.52,0.439,0,0,0,0.1297
O'ahu,OA168,2026-03-30T04:02:00Z,21.4075,-157.7416667,32.54,0.198,0,0,5.1214,NA
O'ahu,OA169,2026-03-29T02:55:00Z,21.6547963,-157.9284068,27.03,2.313,0,0,3.8293,0.7329
O'ahu,OA17,2026-03-30T04:40:00Z,21.282991,-157.716865,33.74,1.081,0,0.0951,3.1068,0.1905
O'ahu,OA170,2026-03-28T23:25:00Z,21.62138889,-158.0822222,35.29,2.016,0,0.1062,31.9212,0.1541
O'ahu,OA171,2026-03-28T21:23:00Z,21.675,-158.04,35.76,0.339,0,0.1047,0.5216,0.3213
O'ahu,OA173,2026-03-30T21:12:00Z,21.259084,-157.7905523,7.481,0.06,<0.07,0.122,19.17,0.581
O'ahu,OA174,2026-03-29T01:23:59Z,21.58333333,-158.1405556,35.24,NA,0.1246,0.2546,22.8527,0.4061
O'ahu,OA175,2026-03-29T20:14:59Z,21.58,-158.1572222,37.72,1.439,0,0.0931,5.1968,0.3075
O'ahu,OA176,2026-03-29T03:05:00Z,21.6719135,-157.9365486,30.2,58.584,0.1503,0.5874,4.4135,0.5872
O'ahu,OA178,2026-03-28T23:53:59Z,21.60055556,-158.1033333,32.62,NA,0.3497,2.4425,60.714,5.6713
O'ahu,OA179,2026-03-29T03:03:00Z,21.58277778,-158.1761111,30.281,4.701,0.257,0.273,25.252,0.767
O'ahu,OA18,2026-03-30T04:41:00Z,21.282995,-157.716854,33.6,0.65,0,0,2.6232,0.9217
O'ahu,OA180,2026-03-30T21:48:00Z,21.2770904,-157.7494555,34.44,0.545,0,0.1439,25.2176,0.6971
O'ahu,OA181,2026-03-28T20:33:00Z,21.695985,-158.012362,31.641,3.427,0.072,0.521,88.09,1.44
O'ahu,OA182,2026-03-29T00:28:00Z,21.58833333,-158.1194444,35.57,10.049,0,0.2235,11.3294,0.6163
O'ahu,OA183,2026-03-28T23:08:59Z,21.64,-158.0638889,35.76,0.83,0,0.1622,11.3049,0.443
O'ahu,OA184,2026-03-28T23:30:00Z,21.61888889,-158.0852778,32.4,26.339,0.0763,1.0557,34.1294,0.5899
O'ahu,OA185,2026-03-30T03:32:59Z,21.27547222,-157.8259722,37.33,2.422,0.0885,0.2719,6.1175,0.3769
O'ahu,OA189,2026-03-29T01:40:00Z,21.5825,-158.1922222,37.09,0.126,0,0,0.01,0.1829
O'ahu,OA19,2026-03-30T04:38:00Z,21.283035,-157.716894,31.88,1.496,0,0.0842,3.6725,0.3355
O'ahu,OA190,2026-03-29T00:10:00Z,21.59416667,-158.1083333,36.92,0.796,0,0,3.135,0.1326
O'ahu,OA193,2026-03-29T22:32:00Z,21.26305556,-157.7836111,35.89,0.883,0,0.0728,10.6402,0.2025
O'ahu,OA195,2026-03-30T04:10:59Z,21.40166667,-157.7352778,34.1,0.329,0,0.1742,17.2003,0.2959
O'ahu,OA196,2026-03-30T04:40:00Z,21.39666667,-157.7247222,28,0.422,0,0.6243,37.656,0.2529
O'ahu,OA197,2026-03-30T22:55:59Z,21.27861111,-157.71,34.37,0,0,0.215,2.879,0
O'ahu,OA2,2026-03-29T20:26:00Z,21.62736944,-158.0750083,34.71,0.734,0,0.258,15.005,0.418
O'ahu,OA20,2026-03-30T04:39:00Z,21.283018,-157.716878,31.94,1.561,0.0773,0.0766,2.5728,0.4564
O'ahu,OA206,2026-03-31T04:51:00Z,21.395556,-157.722778,34.24,0.893,0,0.19,4.034,0
O'ahu,OA207,2026-03-31T04:35:00Z,21.392222,-157.715,30.951,0.359,0,0.096,2.465,0
O'ahu,OA208,2026-03-31T05:14:00Z,21.418333,-157.744167,32.37,0.568,0,NA,27.233,0.396
Maui,OA21,2026-03-30T01:21:00Z,20.79564283,-156.486952,34.25,0,0,0.112,2.234,0
O'ahu,OA210,2026-03-29T23:46:00Z,21.44444444,-157.7363889,37.08,0.997,0,0.1028,2.2576,0.1859
O'ahu,OA211,2026-03-29T21:36:00Z,21.28833333,-157.8322222,3.76,NA,0.388,1.325,NA,0.312
O'ahu,OA212,2026-03-30T05:47:59Z,21.26333333,-157.8216667,37.17,2.221,0,0.1202,0.8548,0.2134
O'ahu,OA213,2026-03-30T05:59:59Z,21.27,-157.8230556,37.08,1.78,0,0.1577,0.3879,0.2087
O'ahu,OA214,2026-03-29T21:01:00Z,21.27722222,-157.8313889,34.42,1.105,0,0.235,3.13,0
O'ahu,OA215,2026-03-29T04:59:00Z,21.33805556,-158.1247222,33.82,8.281,0,0.275,40.171,0
O'ahu,OA216,2026-03-29T21:12:59Z,21.27222222,-157.8233333,34.43,2.144,0,0.224,4.57,0
O'ahu,OA217,2026-03-29T20:14:59Z,21.26222222,-157.8216667,34.58,0.268,0,0.205,1.292,0
O'ahu,OA218,2026-03-29T20:32:00Z,21.28527778,-157.8294444,2.95,116.892,0.3,1.573,NA,0.126
O'ahu,OA219,2026-03-29T20:42:00Z,21.28777778,-157.8438889,26.16,18.957,0.185,1.005,85.455,0.118
Maui,OA22,2026-03-30T01:08:00Z,20.787827,-156.47073,34.81,0,0,0.168,2.327,0
O'ahu,OA220,2026-03-29T20:52:00Z,21.28083333,-157.8375,34.3,1.954,0,0.306,3.371,0
O'ahu,OA221,2026-03-29T20:52:00Z,21.28083333,-157.8375,34.6,1.583,0.149,0.355,1.617,3.232
O'ahu,OA222,2026-03-29T21:32:59Z,21.31916667,-157.8697222,32.95,2.275,0.099,0.205,13.039,1.233
Lāna‘i,OA223,2026-04-05T21:22:00Z,20.77373333,-156.9939167,35.43,0.2661,0,0.0909,0,1.0807
Lāna‘i,OA225,2026-04-05T21:29:00Z,20.78905,-156.9936667,35.44,0.2641,0,0.0791,0,1.5121
O'ahu,OA226,2026-03-28T17:21:00Z,21.47309,-158.2196,36.03,2.857,0.1163,0.3841,5.4698,2.2883
O'ahu,OA227,2026-03-28T17:44:00Z,21.4417,-158.19027,37.55,0.605,0,0,0,0.1507
O'ahu,OA228,2026-03-28T18:08:00Z,21.35978,-158.13163,34.575,1.065,0,0.143,5.226,1.803
O'ahu,OA229,2026-03-28T18:17:00Z,21.3752,-158.14061,13.2,NA,NA,NA,NA,NA
Maui,OA23,2026-03-29T22:16:59Z,20.73122,-156.453877,32.29,8.213,0.136,NA,32.84,0
Maui,OA230,2026-03-29T19:35:00Z,20.89638889,-156.4780556,29.67,15.264,0.253,0.5,109.928,0
Moloka'i,OA231,2026-03-29T23:21:59Z,21.08944444,-157.265,34.366,1.107,0.095,0.191,3.76,NA
Lāna‘i,OA233,2026-04-02T00:35:00Z,20.7864,-156.99209,35.41,0.4902,0,0.2026,2.5186,1.7097
Maui,OA234,2026-03-29T19:23:00Z,20.89361111,-156.4772222,28.46,22.738,0.301,0.657,142.362,0.463
Maui,OA235,2026-03-29T20:34:00Z,20.78222222,-156.4641667,34.45,5.14,0.138,NA,13.824,1.469
Lāna‘i,OA236,2026-04-03T04:23:00Z,20.7346,-156.9105833,35.53,0.1533,0,0.0791,0,2.2007
Lāna‘i,OA237,2026-04-02T04:54:00Z,20.73888889,-156.8933333,35.49,0.3188,0,0.1262,1.252,0.7634
Moloka'i,OA238,2026-03-29T18:18:00Z,21.11694444,-157.2994444,34.44,0.288,0,0.092,2.638,NA
Moloka'i,OA239,2026-03-29T23:59:59Z,21.08722222,-157.2505556,34.2,3.205,0.19,0.333,11.656,NA
Maui,OA24,2026-03-30T00:40:00Z,20.770177,-156.459346,29.7,31.862,0.13,0.598,NA,0.14
Lāna‘i,OA240,2026-04-03T04:10:00Z,20.7341,-156.9374333,35.37,0.1799,0,0.0704,0.328,1.1553
Lāna‘i,OA241,2026-04-05T23:19:00Z,20.92615,-157.02307,33.82,7.299,0.142,0.1055,42.41,2.6176
Moloka'i,OA242,2026-03-30T00:06:00Z,21.0869,-157.25,34.241,1.295,0.12,0.552,4.39,NA
Lāna‘i,OA244,2026-04-05T21:29:00Z,20.78905,-156.9936667,35.37,0.3205,0,0.075,0,1.6914
Moloka'i,OA246,2026-03-29T23:40:59Z,21.08916667,-157.26,34.274,1.009,0.106,0.171,3.303,NA
Moloka'i,OA247,2026-03-29T17:08:59Z,21.13027778,-157.2961111,34.472,1.494,0.096,0.114,11.271,NA
Lāna‘i,OA248,2026-04-02T04:52:00Z,20.73944444,-156.8941667,35.4,0.3742,0,0.1332,1.6457,0.7176
Lāna‘i,OA249,2026-04-03T04:10:00Z,20.7341,-156.9374333,35.33,0.1426,0,0.0859,0,1.559
Maui,OA25,2026-03-30T00:57:00Z,20.782384,-156.4640268,34.55,0,0,0.453,8.377,0
Lāna‘i,OA250,2026-04-03T03:44:00Z,20.74743333,-156.97925,35.32,0.1979,0,0,0,1.0472
Moloka'i,OA251,2026-03-29T17:40:00Z,21.125,-157.2983333,34.445,1.055,0.108,0.092,7.021,NA
O'ahu,OA252,2026-03-30T01:32:00Z,21.25777778,-157.8175,38.03,0.134,0,0,0,0.0905
O'ahu,OA254,2026-03-30T00:40:00Z,21.2875,-157.8466667,35.06,0.3,0,0.276,1.098,0.206
O'ahu,OA255,2026-03-30T23:12:00Z,21.26638889,-157.7102778,34.53,0.264,0,0.153,5.263,0
O'ahu,OA256,2026-03-30T01:17:59Z,21.255,-157.8072222,34.44,0,0,0.155,0.813,0
O'ahu,OA257,2026-03-28T19:44:00Z,21.27108,-157.69673,37.62,3.914,0,0.2924,75.4232,2.6434
O'ahu,OA258,2026-03-28T18:42:00Z,21.31896,-157.67003,37.04,0.4841,0,0.1186,0.4349,0.6049
O'ahu,OA259,2026-03-28T20:08:00Z,21.27909,-157.7441,24.31,23.5024,0,0.3573,16.127,1.1031
Maui,OA26,2026-03-29T20:46:59Z,20.71544083,-156.4465628,33.33,12.432,0,0.298,27.056,0
O'ahu,OA260,2026-03-28T19:15:00Z,21.28546,-157.67242,37.92,0.1785,0,0,1.5421,0.2659
O'ahu,OA261,2026-03-30T01:59:00Z,21.51543,-157.83638,31.1,9.76,0.123,0.183,24.412,0
O'ahu,OA262,2026-03-30T02:14:00Z,21.50854,-157.83962,32.86,1.996,0,0.131,7.431,0
O'ahu,OA263,2026-03-30T02:55:00Z,21.49848,-157.85132,24.3,10.779,0.264,0.67,102.157,0.872
O'ahu,OA264,2026-03-30T01:16:59Z,21.54508,-157.84554,28.71,9.569,0,0.293,81.58,0
O'ahu,OA266,2026-03-30T03:54:00Z,21.2575,-157.7963889,33.49,5.1743,0.074,0.8526,1.8358,0.4468
O'ahu,OA267,2026-03-30T03:53:00Z,21.25722222,-157.7969444,33.549,3.482,<0.07,0.647,16.0624,0
Lāna‘i,OA268,2026-04-03T03:44:00Z,20.74743333,-156.97925,35.5,0.1785,0,0,0,1.5899
Lāna‘i,OA269,2026-04-08T01:41:00Z,20.74333333,-156.8875,35.52,0.6013,0,0.1255,5.3598,1.565
Maui,OA27,2026-03-30T00:25:00Z,20.76461783,-156.459189,32.37,12.433,0.224,0.432,47.769,0.138
O'ahu,OA272,2026-03-29T04:41:00Z,21.33944444,-158.1269444,34.1,1.488,0,0.191,19.69,0
O'ahu,OA274,2026-03-29T01:31:00Z,21.26111111,-157.7113889,37.34,0.0849,0,0,0,0.0971
O'ahu,OA275,2026-03-29T01:29:59Z,21.26111111,-157.7113889,36.47,0.1719,0,0.0701,2.3499,0.2193
O'ahu,OA276,2026-03-30T02:45:00Z,21.25762,-157.81768,37.34,0.6807,0,0.158,3.9221,0.2152
O'ahu,OA277,2026-03-30T04:48:00Z,21.2961,-158.1035,37.32,0.1654,0,0,0.8228,0.1834
O'ahu,OA278,2026-03-30T02:01:00Z,21.255,-157.8086111,37.76,0.1488,0,0,0,0.1919
Maui,OA28,2026-03-30T20:23:00Z,20.71153583,-156.4461158,31.35,23.058,0,0.377,53.899,0
O'ahu,OA280,2026-03-29T23:39:00Z,21.26138889,-157.7866667,37.51,4.8799,0,0.2073,1.1862,0.9083
O'ahu,OA281,2026-03-30T02:37:00Z,21.385018,-157.710111,33.63,0.85,0,0.203,8.273,0
O'ahu,OA283,2026-03-30T04:25:00Z,21.2961,-158.1058,35.44,0.6006,0,0.0939,0.305,0.3544
O'ahu,OA284,2026-03-30T04:10:00Z,21.295833,-158.104167,34.591,1.227,0,0.077,7.138,0.843
O'ahu,OA285,2026-03-29T19:29:59Z,21.4425,-158.37222,36.4,3.2601,0,0.0969,11.8415,0.2036
O'ahu,OA287,2026-03-30T20:00:00Z,21.45972222,-158.4083333,34.619,0.921,0,0,0,0.624
O'ahu,OA288,2026-03-30T16:00:00Z,21.44333333,-158.3711111,37.56,1.0223,0,0.1543,2.2557,0.5479
Maui,OA29,2026-03-29T22:39:00Z,20.739792,-156.456671,30.17,2.995,0,0.252,54.628,0
O'ahu,OA290,2026-03-29T20:14:59Z,21.32614,-157.68235,36.52,0.2689,0,0,0.4406,0.278
O'ahu,OA292,2026-03-28T18:37:00Z,21.41559,-158.17828,36.59,0.3658,0,0,1.3538,0.2676
O'ahu,OA293,2026-03-30T01:14:00Z,21.25611111,-157.8016667,38.5,0.2879,0,0.1135,10.949,0.1807
O'ahu,OA296,2026-03-29T01:54:00Z,21.405658,-157.739077,32.39,0.527,0,0.364,21.386,0.094
O'ahu,OA297,2026-03-29T02:08:59Z,21.418648,-157.744207,32.18,0.488,0,0.28,25.801,0.163
O'ahu,OA298,2026-03-29T01:12:00Z,21.45099,-157.77782,34.01,0.767,0,1.4274,14.4512,5.6004
O'ahu,OA299,2026-03-29T19:29:59Z,21.46305556,-158.3930556,37.75,0.3382,0,0,0,0.9806
O'ahu,OA3,2026-03-29T20:53:59Z,21.62898056,-158.07365,34.51,0.888,0,0.233,22.429,0.237
Maui,OA30,2026-03-29T19:45:00Z,20.70220483,-156.445728,33.79,7.765,0,0.137,11.166,0
O'ahu,OA301,2026-03-30T02:08:00Z,21.40947,-157.7412,34.38,1.9526,0,0.089,2.267,0.3591
O'ahu,OA302,2026-03-29T23:16:00Z,21.27934111,-157.8317628,37.68,0.7362,0,0.1307,5.6638,0.9539
Lāna‘i,OA305,2026-04-02T04:57:00Z,20.73805556,-156.8927778,35.48,0.4479,0,0.1386,1.2229,1.1863
Lāna‘i,OA306,2026-04-08T01:41:00Z,20.74333333,-156.8875,35.32,0.5279,0,0.1305,4.0586,1.5358
Lāna‘i,OA307,2026-04-02T00:31:00Z,20.78668,-156.99229,35.59,0.2838,0,0.1177,0,0.9847
O'ahu,OA309,2026-03-28T18:56:00Z,21.32588,-157.68182,36.85,0.275,0,0,0,0.4787
Maui,OA31,2026-03-29T23:57:00Z,20.74588583,-156.4575638,17.54,12.369,0,0.801,46.541,1.003
O'ahu,OA311,2026-03-29T03:12:00Z,21.3275,-158.1230556,34.55,0,0,0.112,3.228,0
O'ahu,OA312,2026-03-29T01:38:00Z,21.26125,-157.78671,38.49,0.7265,0,0.2113,0,1.4791
O'ahu,OA315,2026-03-28T21:31:59Z,21.67111111,-158.045,38.2,1.2412,0,0.2856,0.2071,1.6451
O'ahu,OA316,2026-03-29T18:56:00Z,21.6472186,-157.9175599,37.77,3.0031,0,0.2555,8.6293,3.469
O'ahu,OA319,2026-03-30T04:00:00Z,21.405,-157.7383333,33.529,0.5939,0,0.28,19.0673,0.4927
Maui,OA32,2026-03-29T17:14:59Z,20.90972222,-156.4252778,33.43,9.201,0.082,0.344,38.473,0
O'ahu,OA320,2026-03-30T04:23:59Z,21.39805556,-157.7269444,33.169,0.3473,0,0.4417,11.0308,0.1343
O'ahu,OA321,2026-03-28T21:43:00Z,21.66472222,-158.0522222,35.509,1.0474,0,0.0721,2.4517,0
O'ahu,OA323,2026-03-28T23:44:00Z,21.61333333,-158.0947222,33.755,3.652,0.077,0.192,45.257,0.866
O'ahu,OA324,2026-03-28T22:04:00Z,21.65527778,-158.0616667,35.649,0.9185,0,0,4.2086,0
O'ahu,OA325,2026-03-29T00:15:00Z,21.59083333,-158.1105556,31.969,19.0065,0.0787,0.8777,114.8437,0.4414
O'ahu,OA326,2026-03-28T23:00:00Z,21.64583333,-158.0638889,35.419,2.0868,0,0.1084,9.0663,0.1526
O'ahu,OA327,2026-03-29T01:51:00Z,21.57888889,-158.2322222,35.759,0.8276,0,0.0963,2.4669,0.1073
O'ahu,OA328,2026-03-28T21:02:00Z,21.68444444,-158.0313889,35.779,0.2774,0,0,2.5145,0.7668
Maui,OA33,2026-03-29T23:12:00Z,20.90444444,-156.6861111,33.91,1.758,0,0.262,23.307,0
O'ahu,OA331,2026-03-29T04:53:00Z,21.581666,-158.195,34.989,3.6251,0,0.0946,7.4826,0
O'ahu,OA332,2026-03-29T04:55:00Z,21.5828,-158.1897,35.319,0.4404,0,0,2.2918,0
O'ahu,OA333,2026-03-29T04:51:00Z,21.5822,-158.1931,34.789,11.3295,0,0.378,12.0896,0
O'ahu,OA334,2026-03-29T04:57:00Z,21.5817,-158.1944,34.849,2.0222,0,0.1036,7.022,0
O'ahu,OA336,2026-03-28T21:12:59Z,21.68083333,-158.0380556,35.839,0.3953,0,0,1.2887,0.4152
O'ahu,OA337,2026-03-28T20:14:59Z,21.70527778,-157.9930556,13.28,0.473,0,0.0966,4.8116,0.1795
O'ahu,OA338,2026-03-28T22:26:00Z,21.65277778,-158.0613889,5.8,67.443,0.38,4.2606,493.2083,0
Maui,OA34,2026-03-29T17:27:59Z,20.92222222,-156.3741667,32.88,14.468,0,0.441,50.585,0
O'ahu,OA340,2026-03-29T22:57:00Z,21.37694444,-158.1425,38.07,0.584,0,0.1948,2.8462,0
O'ahu,OA341,2026-03-29T19:35:00Z,21.255,-157.8066667,34.65,0.628,0,0,0.0924,0.1907
O'ahu,OA342,2026-03-29T00:38:00Z,21.26644,-157.71021,34.47,0.538,0,0,4.8134,0
O'ahu,OA343,2026-03-29T19:49:59Z,21.27111111,-157.8227778,13.21,1.155,0,0.076,0.2791,0.2817
O'ahu,OA345,2026-03-29T04:55:00Z,21.5817,-158.1944,33.9,2.378,0,0.1206,8.476,0.1805
O'ahu,OA346,2026-03-29T04:55:00Z,21.5828,-158.1897,24.25,0.57,0,0.1038,3.1117,0
O'ahu,OA347,2026-03-29T04:54:00Z,21.581666,-158.195,34.11,2.437,0,0.1312,7.6242,0.1082
O'ahu,OA348,2026-03-29T03:30:00Z,21.583423,-158.140584,31.64,145.722,0.136,0.275,32.938,0
O'ahu,OA349,2026-03-29T04:53:00Z,21.5822,-158.1931,34.13,7.022,0,0.1126,9.9475,0.1316
Maui,OA35,2026-03-29T19:04:59Z,20.707777,-156.446189,22.57,60.651,0.158,0.984,NA,0.957
O'ahu,OA350,2026-03-29T21:40:00Z,21.26361,-157.822,20.66,1.251,0,0.1329,0.5944,0.1152
O'ahu,OA351,2026-03-29T22:36:59Z,21.35972222,-158.1319444,34.74,0.501,0,0.1074,6.0149,0.3149
O'ahu,OA352,2026-03-29T00:57:59Z,21.300441,-158.111408,34.68,0.361,0,0,0.6343,0.1541
O'ahu,OA353,2026-03-29T21:55:00Z,21.2575,-157.817,34.51,0.574,0,0,1.9663,0
O'ahu,OA354,2026-03-30T00:51:59Z,21.28111,-157.678,34.81,1.648,0,0.1131,3.2421,0.1523
O'ahu,OA355,2026-03-30T07:44:00Z,21.283889,-157.8472,34.89,1.265,0,0.1435,2.7148,0.1514
O'ahu,OA356,2026-03-30T00:53:00Z,21.28194,-157.678,34.53,3.801,0,0.1072,6.3937,0
O'ahu,OA357,2026-03-30T03:48:00Z,21.37166667,-157.9358333,33.92,2.364,0.0908,0.093,14.0994,0.4634
O'ahu,OA358,2026-03-28T22:44:00Z,21.29055556,-157.8611111,34.472,NA,NA,NA,NA,NA
O'ahu,OA359,2026-03-30T01:31:00Z,21.31667,-157.664,33.66,0.343,0,0,0.3026,0
Maui,OA36,2026-03-29T17:40:00Z,20.93638889,-156.3391667,15.8,20.738,1.602,0.201,NA,9.678
O'ahu,OA360,2026-03-30T00:19:59Z,21.28417,-157.721,33.87,1.481,0,0.0718,16.2107,0.8296
O'ahu,OA361,2026-03-29T01:28:00Z,21.35416667,-158.1305556,33.24,0.611,0,0,0.9677,0
O'ahu,OA362,2026-03-30T00:19:59Z,21.31888889,-157.9752778,33.38,0.848,0,0,9.9149,0.2115
O'ahu,OA363,2026-03-30T06:37:00Z,21.454,-157.818,23.17,9.673,0.12,1.179,13.248,0
O'ahu,OA364,2026-03-30T02:50:00Z,21.30611111,-158.0277778,33.24,2.4711,0,0.3493,3.9942,0.0829
O'ahu,OA367,2026-03-29T20:21:00Z,21.489,-158.23014,34.947,0.712,0,0.201,2.166,1.707
O'ahu,OA369,2026-03-29T19:19:00Z,21.47803,-158.22237,34.22,0.9272,0,0.2944,12.9251,0.7213
O'ahu,OA370,2026-03-29T23:36:00Z,21.27497222,-157.8252778,25.4,0.478,0,0.0873,0.5993,0.3534
O'ahu,OA375,2026-04-02T03:51:00Z,21.55,-157.8466667,22.93,0.271,0,0,0.4985,0.1614
O'ahu,OA378,2026-03-29T20:40:00Z,21.44293,-158.18954,34.15,1.1936,0,0.0805,19.0995,0.1416
Maui,OA38,2026-03-29T18:36:00Z,20.692628,-156.444085,33.28,18.812,0,0.186,54.785,0
O'ahu,OA380,2026-03-29T18:44:59Z,21.35402,-158.13046,35.21,0.8094,0,0.1557,4.6249,0
O'ahu,OA381,2026-03-30T03:30:00Z,21.45402778,-157.818,22.69,35.027,0.123,1.178,37.289,0
O'ahu,OA382,2026-03-29T02:14:59Z,21.47833333,-158.2230556,34.65,2.3902,0,0.1021,10.9153,0
O'ahu,OA383,2026-03-29T22:55:00Z,21.45305556,-157.7747222,33.69,0.6135,0,0.3373,5.5002,0.1651
O'ahu,OA386,2026-03-30T02:53:59Z,21.25512,-157.8044267,34.67,0,0,0.118,1.05,0
O'ahu,OA389,2026-03-29T19:51:00Z,21.53715,-158.23157,34.31,1.4533,0,0.1285,23.1789,0.486
Maui,OA39,2026-03-29T23:02:59Z,20.74356783,-156.457455,32.044,5.56,0,0.251,40.128,0
O'ahu,OA391,2026-03-29T23:12:00Z,21.342266,-157.700057,33.39,7.17,0.1001,1.3258,17.0172,0.2959
O'ahu,OA392,2026-03-29T02:37:00Z,21.46,-158.2072222,35.25,0.6496,0,0.1155,4.3204,0.1614
O'ahu,OA394,2026-03-31T02:38:00Z,21.454,-157.818,32.47,1.563,0,0.136,3.356,0
O'ahu,OA396,2026-03-29T23:10:00Z,21.42416667,-157.8,1.5,137.357,0.819,1.9407,291.9827,0
O'ahu,OA399,2026-03-29T20:04:00Z,21.39305556,-157.715,33.99,1.0002,0,2.251,5.3879,0.0986
O'ahu,OA4,2026-03-29T20:46:59Z,21.63003056,-158.0729306,34.29,1.903,0,0.217,29.052,0.437
Maui,OA40,2026-03-29T17:50:00Z,20.93416667,-156.3566667,34.19,1.78,0,0.144,11.195,0
O'ahu,OA401,2026-03-29T02:53:00Z,21.44277778,-158.1894444,24.96,0.916,0,0.1268,6.5403,0.4133
O'ahu,OA402,2026-03-29T03:16:00Z,21.42527778,-158.1794444,26.75,0.384,0,0,0,0.3121
O'ahu,OA403,2026-03-30T02:40:00Z,21.51277778,-157.8361111,31.9,4.955,0,0.179,10.546,0
O'ahu,OA406,2026-03-30T02:46:00Z,21.25295,-157.80368,34.63,0,0,0.113,1.098,0
O'ahu,OA408,2026-03-29T21:38:59Z,21.28166667,-157.6775,35.03,1.986,0,0.14,4.73,0
O'ahu,OA412,2026-03-29T03:27:00Z,21.41111111,-158.1775,19.43,0.6756,0,0.2768,1.6745,0.1718
O'ahu,OA416,2026-03-29T23:53:00Z,21.44305556,-157.8116667,18.48,0.396,0,0.2409,45.0728,0.3448
O'ahu,OA418,2026-03-29T05:07:00Z,21.282967,-157.720671,30.68,13.717,0.323,0.4123,39.138,0.2576
O'ahu,OA419,2026-03-30T01:23:00Z,21.43361111,-157.7869444,26.82,0.224,0,0.233,22.258,0
O'ahu,OA420,2026-03-29T20:46:59Z,21.28333333,-157.7208333,34.3,1.838,0,0.483,19.004,0.205
O'ahu,OA421,2026-03-29T03:40:00Z,21.39305556,-158.1588889,34.91,13.207,0.0835,0.4782,13.1931,0.1233
O'ahu,OA422,2026-03-29T04:10:59Z,21.36083333,-158.1325,35.74,0.267,0,0.2449,3.0246,1.1661
O'ahu,OA423,2026-03-30T02:10:00Z,21.2625,-157.8216667,34.64,0.5393,0,0.1105,1.9029,0.1155
O'ahu,OA424,2026-03-30T01:57:00Z,21.26138889,-157.8213889,26.91,0.114,0,0,0,0.3667
O'ahu,OA425,2026-04-02T03:51:00Z,21.55,-157.8466667,25.75,0.3893,0,0.1194,0.1848,1.1123
O'ahu,OA426,2026-03-30T01:45:00Z,21.44305556,-157.8116667,20.19,0.2,0,3.922,39.884,0.105
O'ahu,OA429,2026-03-29T19:39:00Z,21.54664,-158.2408,26.2,0.2258,0,0,0,0.5401
O'ahu,OA43,2026-03-29T02:31:00Z,21.43305556,-157.7902778,34.45,0.732,0,0.181,10.144,0
O'ahu,OA433,2026-03-29T22:41:00Z,21.45638889,-157.7688889,33.95,0.6724,0,0.1167,2.4157,0.3775
O'ahu,OA434,2026-03-30T01:55:59Z,21.45916667,-157.8319444,17.93,0,0,1.603,93.696,0
O'ahu,OA436,2026-04-02T03:51:00Z,21.55,-157.8466667,32.9,0.9291,0,0.0719,1.7345,0.6768
O'ahu,OA437,2026-03-29T23:34:59Z,21.41305556,-157.7858333,4.888,42.7593,0.379,2.403,248.498,0.8825
O'ahu,OA439,2026-03-29T20:01:00Z,21.39333333,-157.7152778,33.7,0.6067,0,0.7302,5.1939,0.1017
Maui,OA44,2026-03-30T00:31:59Z,20.85972222,-156.6697222,34.72,0.574,0,0.128,6.282,0
O'ahu,OA440,2026-03-29T21:23:00Z,21.35918,-158.13171,34.76,0.5826,0,0,3.987,0.1687
O'ahu,OA443,2026-03-29T23:46:00Z,21.290453,-157.664336,19.94,0.1128,0,0,0,0.3415
O'ahu,OA444,2026-03-30T00:12:59Z,21.45305556,-157.8155556,24.12,0.4208,0,0.1183,17.4449,0.3171
O'ahu,OA446,2026-03-30T00:31:00Z,21.27889,-157.71,34.72,0.3856,0,0.1665,3.0519,0.1199
O'ahu,OA448,2026-03-29T21:40:00Z,21.26278,-157.822,34.74,1.9376,0,0.1559,0.4748,0.4802
O'ahu,OA449,2026-03-29T02:04:00Z,21.313542,-157.991276,33.07,0.5584,0,0.3844,1.2631,0.2591
O'ahu,OA450,2026-03-28T23:46:00Z,21.375919,-158.141644,34.83,0.5773,0,0.3607,1.8123,0
O'ahu,OA451,2026-03-30T03:22:00Z,21.42305556,-157.7647222,22.33,0.351,0,0.318,30.525,0
O'ahu,OA452,2026-03-29T23:57:00Z,21.27611,-157.76,32.78,1.256,0,0.5303,26.102,2.1363
O'ahu,OA453,2026-03-29T01:29:00Z,21.299892,-158.063654,34.41,0.4264,0,0.1972,1.8793,0
O'ahu,OA454,2026-03-28T23:11:00Z,21.405233,-158.178219,34.78,0.8634,0,0.1653,2.8489,0.128
O'ahu,OA455,2026-03-28T23:31:00Z,21.392318,-158.158158,34.38,9.184,0,0.2043,9.6902,0
O'ahu,OA456,2026-03-28T20:30:00Z,21.299276,-157.872292,34.55,1.0169,0,0.1922,1.9427,0.1305
O'ahu,OA457,2026-03-29T23:59:00Z,21.27611,-157.761,33.22,1.6715,0,0.3523,30.3736,0.3269
O'ahu,OA458,2026-03-30T03:57:00Z,21.41305556,-157.7855556,4.75,46.108,0.471,1.2,NA,0.202
O'ahu,OA459,2026-03-28T22:55:00Z,21.431218,-158.183446,34.85,1.7699,0.1002,0.2576,4.5742,0
Maui,OA46,2026-03-30T01:02:00Z,20.82888889,-156.6363889,34.29,2.703,0,0.107,17.05,0
O'ahu,OA460,2026-03-28T20:52:00Z,21.311745,-157.889491,34.46,0.3778,0,0.1295,3.2023,0
O'ahu,OA461,2026-03-29T03:25:00Z,21.283024,-157.846298,28.85,0.6297,0,0,0,0.257
O'ahu,OA464,2026-03-28T22:35:00Z,21.444085,-158.189623,34.92,0.4251,0,0.2744,0.7738,0
O'ahu,OA465,2026-03-30T01:33:00Z,21.31639,-157.665,33.787,0.102,0,0,0,0.701
O'ahu,OA466,2026-03-29T02:47:59Z,21.4132129,-157.7860341,7.48,52.962,0.8943,2.0555,239.6747,0
O'ahu,OA467,2026-03-28T22:44:00Z,21.29055556,-157.8611111,35.06,1.063,0,0.2325,3.0736,0.1305
O'ahu,OA468,2026-03-29T20:02:59Z,21.28888889,-157.8347222,34.76,0.201,0,0.169,1.941,0
O'ahu,OA469,2026-03-30T03:06:59Z,21.36888889,-157.9619444,33.825,0.473,0,0.212,28.988,3.226
Maui,OA47,2026-03-29T12:57:59Z,20.83555556,-156.6480556,34.44,0.37,0,0.006,5.225,0
O'ahu,OA470,2026-03-28T22:29:00Z,21.29305556,-157.865,35.05,0.8969,0,0.2309,0.9243,0.3269
O'ahu,OA472,2026-03-30T00:19:59Z,21.28361,-157.721,33.87,1.5433,0,0.4206,20.4333,0
O'ahu,OA473,2026-03-30T00:31:00Z,21.27806,-157.709,33.85,0.5,0,0.158,4.906,0.135
O'ahu,OA474,2026-03-29T00:43:00Z,21.26625,-157.71035,33.73,0.143,0,0.098,6.555,0
O'ahu,OA475,2026-03-30T03:18:00Z,21.36,-157.9688889,32.23,2.42,0,0.214,28.384,1.367
O'ahu,OA476,2026-03-28T21:11:00Z,21.39,-157.7133333,30.84,0.116,0,0.214,19.674,0
O'ahu,OA477,2026-03-29T00:04:00Z,21.356466,-158.130901,34.19,0.415,0,0.222,6.612,0
O'ahu,OA478,2026-03-30T07:55:59Z,21.2867,-157.8447,28,NA,0.219,0.515,83.943,0.564
O'ahu,OA479,2026-03-29T22:46:00Z,21.27056,-157.775,32.57,0.218,0,0.191,25.611,0.092
O'ahu,OA480,2026-03-29T20:08:59Z,21.28111111,-157.84,33.94,0.92,0.139,0.252,4.381,0.786
O'ahu,OA482,2026-03-29T22:57:00Z,21.28555556,-157.6727778,34.02,0.528,0,0.158,1.458,0
O'ahu,OA484,2026-03-30T05:11:00Z,21.275278,-157.8475,34.1,0.78,0,0.114,4.784,0.101
O'ahu,OA485,2026-03-29T05:27:59Z,21.282967,-157.720671,32.3,0.827,0,0.134,20.475,0.478
O'ahu,OA486,2026-03-29T01:49:00Z,21.306129,-158.027326,34.15,0.142,0,0.187,2.912,0.154
O'ahu,OA487,2026-03-29T00:27:00Z,21.328119,-158.122122,34.02,0.28,0,0.132,4.383,0.127
O'ahu,OA488,2026-03-29T03:02:00Z,21.292999,-157.864871,34.1,0.566,0.07,0.173,1.28,0.155
O'ahu,OA489,2026-03-29T21:54:00Z,21.2575,-157.818,34.03,0.383,0,0.078,2.263,0.084
Maui,OA49,2026-03-30T00:37:00Z,20.865,-156.6738889,34,0.591,0,0.204,12.592,0
O'ahu,OA490,2026-03-30T01:10:00Z,21.2875,-157.668,34.26,1.545,0,0,3.094,0.288
O'ahu,OA491,2026-03-29T22:13:00Z,21.25694,-157.797,33.31,1.895,0,0.083,13.896,0.17
O'ahu,OA492,2026-03-30T00:06:00Z,21.27861,-157.746,32.18,1.407,0,0.149,32.81,0.153
O'ahu,OA493,2026-03-30T08:12:00Z,21.289722,-157.85111,24.16,0.1969,0,0,1.5889,0.3329
O'ahu,OA494,2026-03-29T22:44:00Z,21.26944,-157.777,31.72,0.99,0,0.187,37.182,0.226
O'ahu,OA495,2026-03-29T19:59:00Z,21.28861111,-157.8347222,35.07,0.114,0,0.169,1.412,0
O'ahu,OA496,2026-03-30T01:22:00Z,21.31333,-157.66,33.51,0,0,0,0.581,0
O'ahu,OA497,2026-03-31T00:38:00Z,21.29083333,-157.8611111,34.28,1.173,0.111,0.197,3.895,0.257
O'ahu,OA498,2026-03-28T22:29:59Z,21.29305556,-157.865,22.62,0.9289,0.0878,0.0777,0.7954,0.4673
O'ahu,OA499,2026-03-30T04:47:00Z,21.44388889,-157.8102778,22.61,0,0,1.21,10.285,0.268
O'ahu,OA5,2026-03-29T21:03:00Z,21.63368611,-158.0700472,34.63,0.811,0.073,0.183,19.86,0.523
Maui,OA50,2026-03-30T00:53:00Z,20.8425,-156.6527778,34.863,0.096,0,0,1.401,0
O'ahu,OA500,2026-03-29T19:14:00Z,21.28122222,-157.7286944,32.08,0,0,0,22.898,0.083
O'ahu,OA501,2026-03-29T19:23:59Z,21.28083333,-157.7291667,33.25,0,0,0,7.757,0
O'ahu,OA502,2026-03-29T19:28:00Z,21.27611111,-157.7263889,34.37,0,0,0,0.349,0
O'ahu,OA503,2026-03-29T19:55:00Z,21.28166667,-157.7319444,33.95,0.119,0,0,8.515,0.14
O'ahu,OA504,2026-03-29T20:01:00Z,21.28083333,-157.7319444,34.53,0,0,0,1.501,0
Maui,OA51,2026-03-29T17:36:00Z,20.59888889,-156.4197222,34.29,8.922,0.133,0.108,3.706,0
Maui,OA52,2026-03-29T17:40:59Z,20.59972222,-156.4208333,33.75,23.698,0.128,0.302,15.917,0.188
O'ahu,OA521,2026-03-31T03:10:00Z,21.27666667,-157.7094444,33.99,0.815,0,0.107,6.609,0.126
O'ahu,OA522,2026-03-31T02:53:00Z,21.2825,-157.7219444,31.71,0.337,0,0.101,50.924,0.731
O'ahu,OA523,2026-03-31T02:46:59Z,21.28311111,-157.7211889,33.07,0,0,0.101,21.278,0.27
O'ahu,OA524,2026-03-31T02:34:59Z,21.28433333,-157.71875,32.67,0.201,0,0.072,24.083,0
O'ahu,OA525,2026-03-31T02:30:00Z,21.28297222,-157.7163333,34.21,1.116,0,0.137,3.678,0.123
O'ahu,OA527,2026-03-30T08:17:00Z,21.29111,-157.855,34.16,0.176,0,0,2.391,0.124
O'ahu,OA529,2026-03-29T22:13:00Z,21.25694,-157.798,19.56,1.1051,0,0,5.857,0.4183
Maui,OA53,2026-03-29T19:00:00Z,20.62833333,-156.4444444,34.14,13.996,0,0.146,10.219,0
O'ahu,OA531,2026-03-28T22:54:00Z,21.27611111,-157.7608333,27.06,NA,NA,NA,NA,NA
O'ahu,OA532,2026-03-29T20:06:00Z,21.27805556,-157.7469444,30.49,1.012,0,0.124,57.918,0.487
O'ahu,OA533,2026-03-29T19:46:00Z,21.26916667,-157.7766667,31.18,1.819,0,0.14,52.074,0.335
Maui,OA54,2026-03-29T16:48:00Z,20.72833333,-156.4502778,31.29,45.562,0.321,1.065,63.24,0
O'ahu,OA541,2026-03-28T22:12:00Z,21.25722222,-157.7966667,34.121,2.414,0,0,15.165,1.194
Maui,OA55,2026-03-29T18:22:00Z,20.62944444,-156.4452778,23.39,0.153,0,0.036,1.254,0
O'ahu,OA552,2026-03-28T23:34:00Z,21.28777778,-157.6688889,34.18,0.603,0,0,1.81,0.224
O'ahu,OA553,2026-03-28T23:21:59Z,21.27916667,-157.7094444,33.47,0.494,0,0.082,9.052,0
O'ahu,OA554,2026-03-28T20:16:00Z,21.31166667,-157.8897222,33.59,0.188,0,0,3.94,1.437
Maui,OA56,2026-03-29T18:30:00Z,20.63138889,-156.4469444,34.41,0.338,0,0.09,2.459,0
O'ahu,OA562,2026-03-28T23:44:00Z,21.31666667,-157.6641667,33.33,0,0,0,0.701,0
O'ahu,OA563,2026-03-28T23:01:00Z,21.28111111,-157.7283333,34.364,0.225,0,0,5.389,1.116
O'ahu,OA564,2026-03-28T20:50:00Z,21.29944444,-157.8725,33.1,NA,0,0.139,10.699,0.204
Maui,OA57,2026-03-29T18:38:59Z,20.63361111,-156.4502778,34.76,0.262,0,0.089,1.592,0
O'ahu,OA573,2026-03-28T22:49:00Z,21.27888889,-157.7444444,30.85,5.097,0,0.173,55.629,0.266
O'ahu,OA574,2026-03-28T23:50:00Z,21.31888889,-157.67,33.34,0.362,0,0.08,3.411,0
O'ahu,OA575,2026-03-28T21:57:59Z,21.25583333,-157.8108333,33.92,0,0,0,0.595,0
Maui,OA58,2026-03-29T19:32:00Z,20.64805556,-156.4425,30.7,61.634,0,0.435,71.655,0
O'ahu,OA582,2026-03-28T23:16:00Z,21.28305556,-157.7155556,32.341,2.051,0.077,0.165,10.258,1.358
O'ahu,OA583,2026-03-28T22:33:00Z,21.26972222,-157.7766667,32.52,0.99,0,0.188,29.176,0.308
O'ahu,OA584,2026-03-28T21:41:00Z,21.27111111,-157.8233333,33.9,4.447,0.075,0.086,4.305,0.229
O'ahu,OA585,2026-03-28T21:16:00Z,21.29111111,-157.8547222,34.32,0.065,0,0.1,1.352,0.222
Maui,OA59,2026-03-29T19:19:00Z,20.64555556,-156.4436111,32.1,19.125,0,0.186,27.826,0
O'ahu,OA593,2026-03-28T21:49:00Z,21.26388889,-157.8222222,34.11,0.432,0,0,0.85,0.174
O'ahu,OA594,2026-03-28T21:25:00Z,21.28138889,-157.8408333,33.64,1.922,0.133,0.142,6.475,0.455
O'ahu,OA595,2026-03-28T20:32:00Z,21.30027778,-157.8830556,34.27,0,0,0,0.156,0.219
O'ahu,OA6,2026-03-29T19:12:00Z,21.41083,-157.784444,4.24,NA,0.936,0.969,NA,NA
Maui,OA60,2026-03-29T18:15:00Z,20.671404,-156.443487,34.03,2.305,0,0.13,10.985,0
O'ahu,OA603,2026-03-30T01:23:00Z,21.31361,-157.661,33.73,0,0,0,0.369,0
O'ahu,OA604,2026-03-30T05:00:00Z,21.26667,-157.848,34.59,0,0,0,0.709,0
O'ahu,OA605,2026-03-29T20:11:00Z,21.39083333,-157.7138889,33.16,0.741,0,0.116,6.844,0
O'ahu,OA606,2026-03-29T20:07:00Z,21.39166667,-157.715,33.55,0.255,0,0.096,5.574,0
O'ahu,OA607,2026-03-30T03:27:00Z,21.3575,-157.96,33.46,0.718,0.073,0.119,17.226,1.42
O'ahu,OA608,2026-03-29T01:55:59Z,21.25714,-157.79661,33.578,4.375,0,0.137,26.743,1.585
O'ahu,OA611,2026-03-30T01:09:00Z,21.28806,-157.668,34.7,0.242,0,0,0,0
O'ahu,OA612,2026-03-30T00:06:00Z,21.28028,-157.743,31.12,5.258,0,0.182,60.346,0.246
O'ahu,OA613,2026-03-28T21:29:00Z,21.39555556,-157.7219444,26.42,0,0,1.062,48.275,0
Maui,OA62,2026-03-30T21:09:00Z,20.9125,-156.4027778,35.42,1.579,0,0.18,9.114,0.177
Maui,OA64,2026-03-30T21:55:00Z,20.90944444,-156.4238889,34.7,5.202,0,0.281,30.542,0.176
Maui,OA65,2026-03-30T22:00:00Z,20.90972222,-156.4236111,34.96,4.442,0,0.251,21.518,0.176
Maui,OA66,2026-03-30T21:03:00Z,20.9128,-156.4022,35.04,1.775,0,0.204,11.517,0.337
Maui,OA67,2026-03-30T20:30:00Z,20.91472222,-156.3913889,35.27,3.353,0,0.258,12.303,0.096
Maui,OA68,2026-03-30T20:46:59Z,20.91277778,-156.3983333,35.21,2.983,0,0.276,11.552,0.256
Maui,OA69,2026-03-30T21:40:00Z,20.90944,-156.409,34.88,0.06,0.092,0.417,20.649,0.564
O'ahu,OA7,2026-03-29T21:16:00Z,21.416119,-157.781489,16.24,4.285,0.212,0.528,92.975,NA
Maui,OA70,2026-03-30T20:24:00Z,20.915,-156.3911111,35.18,3.435,0,0.259,16.676,0.127
O'ahu,OA700,2026-03-28T19:59:00Z,21.70472222,-157.9902778,21.84,1.013,0,0.337,25.241,1.891
O'ahu,OA701,2026-03-28T20:18:00Z,21.70527778,-157.9972222,29.13,0.06,0,0.091,1.718,0.406
O'ahu,OA702,2026-03-28T20:34:00Z,21.70138889,-157.9997222,34.57,0.293,0,0.174,8.113,1.024
O'ahu,OA703,2026-03-28T22:13:00Z,21.68388889,-158.0316667,29.92,1.084,0,0.314,5.096,2.206
O'ahu,OA704,2026-03-28T22:17:59Z,21.68194444,-158.0330556,22.69,0.184,0,0.169,3.878,0.417
O'ahu,OA705,2026-03-28T22:28:00Z,21.68083333,-158.0377778,26.2,0.523,0.08,0.565,4.084,2.233
O'ahu,OA706,2026-03-28T22:35:00Z,21.675,-158.04,29.39,0.713,0,0.15,3.068,NA
O'ahu,OA707,2026-03-28T23:10:00Z,21.66861111,-158.0461111,22.22,0.439,0,0.35,3.204,1.687
O'ahu,OA708,2026-03-28T22:57:00Z,21.66333333,-158.0536111,27.78,0.358,0,0.105,2.676,0.377
O'ahu,OA709,2026-03-28T23:04:00Z,21.66,-158.0572222,34.59,NA,NA,NA,NA,NA
Maui,OA71,2026-03-29T19:12:00Z,20.89222222,-156.4752778,28.36,26.838,0.285,0.721,147.304,0
O'ahu,OA710,2026-03-28T20:17:00Z,21.684603,-157.945256,34.81,0.271,0,0.082,4.576,NA
O'ahu,OA711,2026-03-28T19:57:00Z,21.678203,-157.940574,33.51,0.312,0,0.073,4.742,NA
O'ahu,OA712,2026-03-28T21:09:00Z,21.673,-157.935645,3.85,NA,1.086,0.589,NA,NA
O'ahu,OA713,2026-03-28T21:19:59Z,21.66819,-157.936841,33.05,NA,0,0.242,10.252,NA
O'ahu,OA714,2026-03-28T22:12:00Z,21.657563,-157.927893,33.2,7.896,0,0.19,17.414,NA
O'ahu,OA715,2026-03-30T00:09:00Z,21.709813,-157.980322,34.43,0.252,0,0.153,1.91,NA
O'ahu,OA716,2026-03-29T23:12:00Z,21.709496,-157.984404,32.77,0.219,0,0.133,1.728,NA
O'ahu,OA717,2026-03-30T01:34:00Z,21.7002,-158.008143,31.46,0.272,0,0.176,2.549,NA
O'ahu,OA718,2026-03-29T23:06:00Z,21.707885,-157.986006,35.5,0.229,0,0.075,2.079,NA
O'ahu,OA719,2026-03-29T23:39:00Z,21.70984,-157.972708,33.99,0.207,0,0.092,1.545,NA
Maui,OA72,2026-03-29T19:01:00Z,20.89138889,-156.4733333,22.81,33.218,0.471,0.97,151.885,3.015
O'ahu,OA720,2026-03-30T01:19:00Z,21.699276,-158.003201,31.83,2.937,0,0.213,16.184,NA
O'ahu,OA721,2026-03-30T01:47:00Z,21.700168,-158.009487,35.37,0.322,0,0.1,2.119,NA
O'ahu,OA722,2026-03-29T23:59:00Z,21.709067,-157.977845,34.34,0.235,0,0.192,3.339,NA
O'ahu,OA723,2026-03-29T23:47:59Z,21.709676,-157.975798,35.31,0.251,0,0.137,5.03,NA
O'ahu,OA724,2026-03-30T01:55:59Z,21.699366,-158.009011,35.46,0.273,0,0.09,2.284,NA
O'ahu,OA725,2026-03-28T22:02:00Z,21.662068,-157.930455,34.48,0.687,0,0.095,6.026,NA
O'ahu,OA726,2026-03-28T22:27:00Z,21.654665,-157.928447,31.22,NA,0.188,0.316,30.963,NA
O'ahu,OA727,2026-03-28T22:38:00Z,21.65129,-157.925055,33.97,0.916,0,0.131,10.382,NA
O'ahu,OA728,2026-03-28T22:55:59Z,21.648609,-157.92228,33.92,2.353,0.111,0.274,9.508,NA
O'ahu,OA729,2026-03-28T23:17:00Z,21.647332,-157.917659,35.16,0.49,0,0.146,0.571,NA
Maui,OA73,2026-03-29T18:43:00Z,20.89166667,-156.4716667,28.35,26.578,0.36,0.714,123.759,4.324
O'ahu,OA730,2026-03-29T00:23:00Z,21.631422,-157.920778,33.75,5.61,0,0.22,13.942,NA
O'ahu,OA731,2026-03-28T23:49:00Z,21.639561,-157.918173,33.47,6.125,0,0.139,22.808,NA
O'ahu,OA732,2026-03-29T00:42:00Z,21.626477,-157.920714,34.32,3.083,0,0.126,11.421,NA
O'ahu,OA733,2026-03-29T01:02:00Z,21.623297,-157.916721,34.81,1.742,0,0.091,5.507,NA
O'ahu,OA734,2026-03-29T02:06:00Z,21.615079,-157.912711,33.86,0.387,0,0.09,3.949,NA
O'ahu,OA739,2026-03-29T01:40:00Z,21.39299,-157.71576,26.66,0.139,0,0.223,7.908,0
Maui,OA74,2026-03-29T16:36:00Z,20.73138889,-156.4538889,33.73,5.025,0,0.241,16.475,0
O'ahu,OA744,2026-03-29T01:48:00Z,21.39568,-157.72218,22.92,0,0,1.396,39.303,0
O'ahu,OA745,2026-03-29T21:15:00Z,21.695355,-158.016833,34.73,0.265,0,0.096,5.712,NA
O'ahu,OA746,2026-03-29T20:46:59Z,21.692712,-158.020842,32.72,2.608,0,0.314,58.043,NA
O'ahu,OA747,2026-03-29T20:57:00Z,21.694194,-158.018205,35,0.63,0,0.127,11.096,NA
O'ahu,OA748,2026-03-29T00:32:59Z,21.39083333,-157.6988889,31.79,1.2,0,0.397,65.631,NA
O'ahu,OA749,2026-03-29T21:44:59Z,21.695844,-158.011694,30.47,3.369,0,0.413,76.496,NA
Maui,OA75,2026-03-29T18:22:00Z,20.89305556,-156.4683333,28.331,1.9852,<0.07,0.249,1.361,1.306
O'ahu,OA750,2026-03-29T03:54:00Z,21.593723,-157.894201,34.16,0.111,0,0.234,10.003,NA
O'ahu,OA751,2026-03-29T04:02:00Z,21.600052,-157.897281,34.41,1.174,0,0.152,7.347,NA
O'ahu,OA752,2026-03-29T04:35:00Z,21.648509,-157.913619,34.79,0.587,0,0.113,1.798,NA
O'ahu,OA753,2026-03-29T20:40:59Z,21.691386,-158.022107,35.08,0.543,0,0.365,6.29,NA
O'ahu,OA754,2026-03-29T21:06:00Z,21.696829,-158.015695,35.1,0.27,0,0.114,8.407,NA
O'ahu,OA759,2026-03-29T01:36:59Z,21.39806,-157.726,28.22,0,0,0.726,31.411,0
Maui,OA76,2026-03-29T17:01:00Z,20.73972222,-156.4566667,32.82,0.518,0,0.167,19.884,0.554
O'ahu,OA764,2026-03-29T00:42:00Z,21.39083333,-157.6991667,34.47,5.524,0,0.149,1.424,0
O'ahu,OA769,2026-03-29T01:49:00Z,21.40583333,-157.7388889,32.64,0.149,0,0.418,20.977,0
Maui,OA78,2026-03-29T17:59:00Z,20.89416667,-156.4677778,25.81,22.467,0.363,0.629,95.816,0
O'ahu,OA780,2026-03-29T02:24:00Z,21.6075,-157.907222,33.9,2.545,0,0.254,20.718,NA
O'ahu,OA781,2026-03-29T02:34:00Z,21.603639,-157.899292,33.68,0.428,0,0.183,13.041,NA
O'ahu,OA782,2026-03-29T03:29:00Z,21.576275,-157.880333,31.74,NA,0,0.323,51.071,NA
O'ahu,OA783,2026-03-29T03:34:00Z,21.580212,-157.885756,20.67,3.531,0,0.418,NA,NA
O'ahu,OA784,2026-03-29T03:43:00Z,21.586568,-157.887554,34.57,0.871,0,0.151,9.84,NA
O'ahu,OA785,2026-03-28T02:00:00Z,21.36788,-157.70919,34.18,0.06,0,0.245,4.351,0.255
Maui,OA79,2026-03-29T16:08:00Z,20.69555556,-156.4441667,34.21,4.722,0,0.195,8.91,0
O'ahu,OA790,2026-03-28T02:05:00Z,21.36473,-157.70941,4.2,144.161,1.775,3.597,343.267,21.724
O'ahu,OA791,2026-03-28T20:14:59Z,21.28117,-157.71256,32.47,5.636,0.075,0.193,13.276,0.575
O'ahu,OA792,2026-03-28T20:45:00Z,21.29355,-157.65847,35.09,0.214,0,0.087,2.627,0.316
O'ahu,OA793,2026-03-28T02:25:00Z,21.3509,-157.70552,2.73,265.982,9.721,5.983,472.048,18.608
O'ahu,OA794,2026-03-28T02:14:59Z,21.36429,-157.71053,2.48,156.576,2.388,3.748,380.406,19.659
O'ahu,OA796,2026-03-28T21:15:00Z,21.32998,-157.69129,15.86,95.356,5.806,1.356,255.602,12.648
O'ahu,OA797,2026-03-28T20:50:00Z,21.29401,-157.66082,32.29,8.022,0.259,0.298,38.141,3.277
O'ahu,OA798,2026-03-28T21:19:59Z,21.33024,-157.69093,32.64,12.678,0.488,0.353,22.967,2.42
O'ahu,OA799,2026-03-28T20:05:00Z,21.28438,-157.71872,33.15,NA,NA,NA,NA,NA
O'ahu,OA8,2026-03-29T21:23:00Z,21.423614,-157.781356,23.85,0.077,0,0.176,35.48,NA
Maui,OA80,2026-03-29T18:31:59Z,20.89194444,-156.47,26.97,64.71,0.375,1.256,195.51,0.473
O'ahu,OA81,2026-03-29T21:08:00Z,21.3,-157.8725,20.2,1.1679,0,0,0.3641,0.4787
Lāna‘i,OA82,2026-04-05T21:22:00Z,20.77373333,-156.9939167,35.77,0.2701,0,0.0931,0.0346,0.8143
O'ahu,OA83,2026-03-29T21:06:59Z,21.3,-157.8725,36.53,0.457,0,0,2.9481,0.9605
Lāna‘i,OA84,2026-04-07T13:29:59Z,20.74194444,-156.8880556,35.65,0.4421,0,0.2051,1.345,1.4631
Lāna‘i,OA85,2026-04-07T13:29:59Z,20.74194444,-156.8880556,35.74,0.762,0,0.4669,0.9495,2.2373
O'ahu,OA851,2026-03-30T02:18:00Z,21.7,-158.001218,35.42,0.539,0,0.099,4.209,NA
O'ahu,OA852,2026-03-30T03:05:00Z,21.672932,-158.04243,34.37,1.178,0,0.107,5.044,NA
O'ahu,OA853,2026-03-30T03:17:00Z,21.665341,-158.051759,34.54,0.507,0,0.184,2.897,NA
O'ahu,OA854,2026-03-30T03:40:00Z,21.651678,-158.062029,35.17,1.728,0,0.157,11.938,NA
Lāna‘i,OA86,2026-04-03T04:23:00Z,20.7346,-156.9105833,35.54,0.1338,0,0.0775,0,1.3873
O'ahu,OA860,2026-03-30T04:35:00Z,21.650776,-158.062494,33.37,1.568,0,0.152,8.404,NA
O'ahu,OA865,2026-03-30T01:27:00Z,21.700131,-158.005441,35.42,0.952,0,0.164,4.663,NA
O'ahu,OA866,2026-03-30T04:40:00Z,21.650337,-158.062772,35.41,1.187,0,0.139,5.341,NA
O'ahu,OA867,2026-03-30T04:53:00Z,21.649267,-158.063359,35.35,0.841,0,0.137,4.684,NA
O'ahu,OA88,2026-03-30T22:55:59Z,21.44305556,-157.8116667,20.58,0.202,0,1.8719,31.2715,1.1833
O'ahu,OA9,2026-03-29T21:32:59Z,21.431639,-157.782083,25.71,0.125,0,0.138,29.711,NA
Maui,OA90,2026-03-29T21:44:59Z,20.75861111,-156.46,32.91,6.403,0.131,0.344,32.148,0.877
Maui,OA91,2026-03-29T10:36:00Z,20.76527778,-156.4588889,32.1,11.773,0.135,0.311,50.005,0.759
Maui,OA92,2026-03-29T10:10:59Z,20.761579,-156.459757,32.64,4.963,0.139,0.26,32.401,0.982
O'ahu,OA938,2026-03-28T06:23:00Z,21.31905464,-157.6702365,31.17,0,0,0.153,4.231,0.105
O'ahu,OA939,2026-03-28T06:29:00Z,21.31835862,-157.669574,25.85,0,0,0.108,2.317,0
O'ahu,OA94,2026-03-29T20:12:00Z,21.61888889,-158.0852778,30.762,27.623,0.087,1.812,168.5382,0.3608
O'ahu,OA940,2026-03-28T06:16:00Z,21.31603082,-157.6656051,33.84,0.153,0,0.225,2.836,0
O'ahu,OA941,2026-03-28T06:09:00Z,21.31359696,-157.6603272,32.21,0,0,0.128,0.938,0
O'ahu,OA942,2026-03-28T05:52:00Z,21.31044849,-157.6593761,29.79,0,0,0.151,0.936,0
O'ahu,OA943,2026-03-28T05:58:00Z,21.31139511,-157.660272,34.26,0,0,0.221,0.989,0
O'ahu,OA944,2026-03-28T05:26:00Z,21.32595564,-157.6821093,33.64,5.719,0,1.247,9.751,1.241
O'ahu,OA945,2026-03-28T05:14:59Z,21.33013452,-157.6910986,10.66,102.543,3.732,2.396,NA,5.817
O'ahu,OA946,2026-03-28T05:04:00Z,21.33237889,-157.6933318,27.8,10.644,0.213,0.422,19.822,0.08
O'ahu,OA947,2026-03-28T04:54:00Z,21.33884598,-157.6975104,26.05,11.706,0.178,0.36,19.337,0.194
O'ahu,OA949,2026-03-28T04:42:59Z,21.34403,-157.7012759,27.32,12.734,0.207,0.384,22.765,0.445
Maui,OA95,2026-03-29T21:21:00Z,20.74583333,-156.4577778,15.24,45.236,0.257,1.358,165.157,2.826
O'ahu,OA950,2026-03-28T04:32:00Z,21.35354248,-157.7066706,32.83,5.283,0,0.332,16.214,0.334
O'ahu,OA953,2026-03-29T01:36:59Z,21.48527778,-157.8483333,11.41,5.675,0.148,0.867,NA,9.921
O'ahu,OA954,2026-03-29T01:14:00Z,21.53555556,-157.8397222,34.49,0.404,0,1.199,4.661,0
O'ahu,OA955,2026-03-29T00:40:00Z,21.55666667,-157.8752778,23.94,0.673,0,0.39,92.071,0.214
O'ahu,OA959,2026-03-29T01:21:00Z,21.52583333,-157.835,30.4,12.161,0.093,0.189,13.434,0
O'ahu,OA96,2026-03-28T19:52:00Z,21.28305556,-157.8455556,32.75,8.06,0.2151,0.2982,34.4529,0.8201
O'ahu,OA960,2026-03-29T00:53:00Z,21.55805556,-157.8588889,26.81,12.337,0,0.196,12.284,0
O'ahu,OA963,2026-03-29T01:25:00Z,21.5175,-157.8366667,28.96,61.176,0.172,0.209,37.562,0
O'ahu,OA964,2026-03-29T00:57:59Z,21.55472222,-157.8508333,31.63,8.795,0.189,0.429,21.248,0
O'ahu,OA965,2026-03-29T00:25:00Z,21.57805556,-157.8833333,7.1,3.73,<0.07,0.558,NA,0.714
O'ahu,OA969,2026-03-29T01:08:00Z,21.54222222,-157.8427778,34.11,3.723,0,0.265,6.021,0
Moloka'i,OA97,2026-03-29T10:52:00Z,21.09138889,-157.2758333,34.342,2.301,0.115,0.171,6.406,NA
O'ahu,OA970,2026-03-29T00:47:00Z,21.55861111,-157.8666667,29.11,2.334,0,0.416,17.745,5.323
O'ahu,OA973,2026-03-29T01:47:00Z,21.46,-157.8397222,2.46,51.357,0.409,0.895,NA,10.929
O'ahu,OA974,2026-03-29T01:03:00Z,21.54833333,-157.8466667,30.47,3.356,0,0.43,7.839,6.332
O'ahu,OA975,2026-03-29T00:31:59Z,21.56527778,-157.875,21.84,0.477,0,0.267,11.209,0
Moloka'i,OA98,2026-03-29T18:57:59Z,21.1094,-157.1378333,34.528,0.667,0.08,0.081,3.631,NA
O'ahu,OA99,2026-03-29T22:44:00Z,21.45888889,-157.8319444,20.4,0.1365,0,0.2459,27.2946,1.0177
O'ahu,OA999,2026-04-01T05:56:00Z,21.45402778,-157.818,24.54,12.153,0,0.96,8.839,0
,,,,,,,,,,
