island,longitude,latitude
O'ahu,-157.8883528,21.3377559
O'ahu,-157.8904354,21.3393786
O'ahu,-157.8912364,21.3305587
O'ahu,-157.8654134,21.313201099999997
O'ahu,-157.8748084,21.555942899999994
O'ahu,-157.8463855,21.543830199999995
O'ahu,-157.84522380000004,21.544764499999992
O'ahu,-158.0135724,21.370573799999995
O'ahu,-157.9922938,21.3836848
O'ahu,-158.1945093,21.580925999999998
O'ahu,-158.1944774,21.5810309
O'ahu,-158.1945745,21.580717399999997
O'ahu,-158.1945093,21.580925999999998
O'ahu,-158.1944774,21.5810309
O'ahu,-158.1943622,21.581727100000002
O'ahu,-158.1197733,21.5821607
O'ahu,-158.1190347,21.580765800000002
O'ahu,-158.1066701,21.5979355
O'ahu,-158.2295413,21.505281499999995
O'ahu,-157.7256466,21.397526499999998
O'ahu,-157.931033,21.3783295
O'ahu,-157.9341541,21.3771224
O'ahu,-157.9527378,21.383044200000004
O'ahu,-157.965927,21.3895667
O'ahu,-157.9663764,21.3862564
O'ahu,-157.9307873,21.378315499999992
O'ahu,-157.96624880000002,21.390194200000003
O'ahu,-157.9341541,21.3771224
O'ahu,-157.9343009,21.3769559
O'ahu,-157.9307873,21.378315499999992
O'ahu,-157.931033,21.3783295
O'ahu,-157.96624880000002,21.390194200000003
O'ahu,-157.965927,21.3895667
O'ahu,-157.9343009,21.3769559
O'ahu,-157.9344995,21.375508299999996
O'ahu,-157.943703,21.3794065
O'ahu,-157.7809104,21.411436800000004
O'ahu,-157.7212733,21.288447800000004
O'ahu,-157.7215359,21.283966299999996
O'ahu,-157.94042240000002,21.6680134
O'ahu,-157.9355308,21.672963899999996
O'ahu,-157.7501863,21.2769395
O'ahu,-157.7263346,21.2835792
O'ahu,-157.7261937,21.283145199999993
O'ahu,-157.8934613,21.344905399999995
O'ahu,-157.86085590000002,21.3150301
O'ahu,-157.86085590000002,21.3150301
O'ahu,-157.8610227,21.3150774
O'ahu,-157.7839187,21.4122248
O'ahu,-157.8934613,21.344905399999995
O'ahu,-157.8929678,21.3451553
O'ahu,-157.7212733,21.288447800000004
O'ahu,-158.0633651,21.640821499999998
O'ahu,-157.9823152,21.391455199999996
O'ahu,-157.9841474,21.388336099999997
O'ahu,-157.9771224,21.388936900000004
O'ahu,-157.8936946,21.336391199999998
O'ahu,-158.0587295,21.6581311
O'ahu,-158.0500222,21.661677799999996
O'ahu,-157.7481226,21.4513662
O'ahu,-157.7471153,21.451867999999997
O'ahu,-157.7608064,21.2785305
O'ahu,-157.7599336,21.2769015
O'ahu,-157.7603834,21.279313
O'ahu,-157.7607688,21.278623300000003
O'ahu,-157.7607688,21.278623300000003
O'ahu,-157.7608064,21.2785305
O'ahu,-157.76041,21.279411299999996
O'ahu,-157.76041,21.279411299999996
O'ahu,-157.7603834,21.279313
O'ahu,-157.7598187,21.2765319
O'ahu,-157.7596147,21.276011700000005
O'ahu,-157.7599336,21.2769015
O'ahu,-157.7598829,21.276744599999994
O'ahu,-157.7598829,21.276744599999994
O'ahu,-157.7598187,21.2765319
O'ahu,-158.0634205,21.650542999999995
O'ahu,-158.0634906,21.6506499
O'ahu,-157.7415541,21.4252889
O'ahu,-157.8378206,21.455749399999995
O'ahu,-157.8450595,21.4666159
O'ahu,-157.8421077,21.468146
O'ahu,-157.8863095,21.3391387
O'ahu,-157.8882393,21.3377457
O'ahu,-157.8882393,21.3377457
O'ahu,-157.8883528,21.3377559
O'ahu,-157.9082101,21.604406499999996
O'ahu,-157.9067568,21.607420999999995
O'ahu,-157.9008102,21.602738700000003
O'ahu,-157.9008726,21.6028491
O'ahu,-157.9007458,21.602421099999997
O'ahu,-157.9008102,21.602738700000003
O'ahu,-157.8996659,21.603394599999998
O'ahu,-157.8994842,21.6031083
O'ahu,-157.8997605,21.60348
O'ahu,-157.8996659,21.603394599999998
O'ahu,-157.9007458,21.602421099999997
O'ahu,-157.8991271,21.603362599999997
O'ahu,-157.9008726,21.6028491
O'ahu,-157.8997605,21.60348
O'ahu,-157.9124647,21.617222699999996
O'ahu,-157.9449197,21.3805401
O'ahu,-157.8748084,21.555942899999994
O'ahu,-157.8744675,21.556526199999997
O'ahu,-157.8846364,21.578870599999995
O'ahu,-157.896984,21.598001
O'ahu,-157.9498925,21.6924517
O'ahu,-157.7507413,21.4436872
O'ahu,-157.7555187,21.434666300000004
O'ahu,-158.0234379,21.363392699999995
O'ahu,-158.0211227,21.363935399999995
O'ahu,-158.0235028,21.3634102
O'ahu,-158.0234379,21.363392699999995
O'ahu,-158.0064845,21.383442599999995
O'ahu,-158.0086755,21.3732991
O'ahu,-158.0073116,21.3739442
O'ahu,-158.0065524,21.3720782
O'ahu,-157.9288361,21.6549957
O'ahu,-158.0517931,21.661160099999996
O'ahu,-158.0546635,21.6607599
O'ahu,-158.0500222,21.661677799999996
O'ahu,-158.0502471,21.6616064
O'ahu,-158.0502471,21.6616064
O'ahu,-158.0517931,21.661160099999996
O'ahu,-158.0547369,21.6608761
O'ahu,-158.0551069,21.661472399999997
O'ahu,-158.0546635,21.6607599
O'ahu,-158.0547369,21.6608761
O'ahu,-158.0064845,21.383442599999995
O'ahu,-157.7329163,21.3206654
O'ahu,-157.9353305,21.377532299999995
O'ahu,-157.9353252,21.3766177
O'ahu,-158.0235028,21.3634102
Maui,-156.6863252,20.88561539999999
Maui,-156.4846887,20.9103679
Maui,-156.6668912,20.8608666
Maui,-156.6133486,20.811378899999998
Maui,-156.6142976,20.810763399999992
Maui,-156.5091684,20.9478478
Maui,-156.6356589,21.011490199999997
Maui,-156.6362854,21.012099399999997
Maui,-156.6362854,21.012099399999997
Maui,-156.63640260000003,21.0121249
Maui,-156.63640260000003,21.0121249
Maui,-156.63854130000001,21.0130742
Maui,-156.4914093,20.917743200000004
Maui,-156.6365981,20.830033200000003
Maui,-156.6269299,20.8127038
Maui,-156.5922627,20.799776899999998
Maui,-156.5090897,20.7970223
Maui,-156.5090897,20.7970223
Maui,-156.5090792,20.796903499999992
Maui,-156.6144067,20.8105073
Maui,-156.6143776,20.8102545
Maui,-156.6143776,20.8102545
Maui,-156.6138743,20.809952400000004
Maui,-156.4573437,20.758969200000003
Maui,-156.4580495,20.761411899999995
Maui,-156.4594667,20.7615801
Maui,-156.2435253,20.608466099999994
Maui,-156.4640483,20.782277099999995
Maui,-156.4867115,20.7969853
Maui,-156.4881691,20.7956179
Maui,-156.4866163,20.7970696
Maui,-156.4867115,20.7969853
Maui,-156.4845133,20.7965311
Maui,-156.4866163,20.7970696
Maui,-156.45922710000002,20.7655629
Maui,-156.4573437,20.758969200000003
Maui,-156.4584752,20.758842299999998
Maui,-156.4584752,20.758842299999998
Maui,-156.459939,20.7587258
Maui,-156.14611210000004,20.857884499999997
Maui,-156.14398540000002,20.8581712
Maui,-156.14611210000004,20.857884499999997
Maui,-156.14611210000004,20.857884499999997
Maui,-155.9949877,20.7042491
Maui,-156.4459475,20.715156200000003
Maui,-156.44604,20.7152077
Maui,-156.445757,20.7150546
Maui,-156.4459475,20.715156200000003
Maui,-156.445757,20.7150546
Maui,-156.0939753,20.827267699999997
Maui,-156.0568918,20.8074227
Maui,-156.6763562,20.977074700000003
Maui,-156.6767521,20.9771925
Maui,-156.6767521,20.9771925
Maui,-156.6768294,20.977223099999993
Maui,-156.6768294,20.977223099999993
Maui,-156.6779334,20.9774652
Maui,-156.1251949,20.837017899999992
Maui,-156.1670457,20.8613175
Maui,-156.100809,20.82514
Maui,-156.1152965,20.826908700000004
Maui,-156.1241007,20.836410800000003
Maui,-156.4412145,20.6788896
Maui,-156.44389710000002,20.6808429
Maui,-156.5347416,20.9843346
Maui,-156.5252792,20.964407599999998
Maui,-156.0269273,20.6801711
Maui,-156.457389,20.745744200000004
Maui,-156.45806,20.7455201
Maui,-156.0755271,20.6505482
Maui,-156.0756012,20.650296700000002
Maui,-156.6763562,20.977074700000003
Maui,-156.2048879,20.898824299999994
Maui,-156.1956609,20.8934601
Maui,-156.1280851,20.840270699999994
Maui,-156.128563,20.848570500000005
Maui,-156.1199729,20.829717900000002
Maui,-156.1182012,20.832434899999996
Maui,-156.3049212,20.9396493
Maui,-156.298895,20.9410046
Maui,-156.3110836,20.941732299999998
Maui,-156.5684647,21.0143644
Maui,-156.6188978,21.023846199999998
Maui,-156.5898715,21.019975500000008
Maui,-156.5576612,21.010591199999997
Maui,-156.5774818,21.0147497
Maui,-156.5674387,21.013263999999996
Maui,-156.5547644,21.004527099999994
Maui,-156.5865407,21.017900799999996
Maui,-156.6463971,21.009005199999997
Maui,-156.5371385,20.9858173
Maui,-156.5267365,20.981937599999995
Maui,-156.5865594,21.017952799999996
Maui,-156.5853626,21.020538999999996
Maui,-156.5865407,21.017900799999996
Maui,-156.5865594,21.017952799999996
Maui,-156.589819,21.020022099999995
Maui,-156.5871615,21.022185399999998
Maui,-156.5898715,21.019975500000008
Maui,-156.589819,21.020022099999995
Maui,-156.5774843,21.014841399999998
Maui,-156.5775861,21.016888400000003
Maui,-156.5774818,21.0147497
Maui,-156.5774843,21.014841399999998
Maui,-156.625781,21.018917999999996
Maui,-156.552202,20.9990243
Maui,-156.6675987,20.9910047
Maui,-156.6684405,20.9914522
Maui,-156.6675033,20.990934799999998
Maui,-156.6675987,20.9910047
Maui,-156.6675033,20.990934799999998
Maui,-156.5255759,20.9671222
Maui,-156.6712522,20.982144200000004
Maui,-156.6646158,20.991533799999992
Maui,-156.5196812,20.958476199999993
Maui,-156.2849094,20.944147099999995
Maui,-156.2786419,20.9417978
Maui,-156.2928052,20.941594000000002
Maui,-156.508405,20.937414899999997
Maui,-156.50769650000004,20.937561099999996
Maui,-156.50847930000003,20.937401199999996
Maui,-156.508405,20.937414899999997
Maui,-156.5106782,20.936757099999998
Maui,-156.50847930000003,20.937401199999996
Maui,-156.510735,20.9367227
Maui,-156.5106782,20.936757099999998
Maui,-156.510735,20.9367227
Maui,-156.5035334,20.934220100000005
Maui,-156.2583881,20.935611899999998
Maui,-156.3269612,20.943855299999992
Maui,-156.2666114,20.935921299999997
Maui,-156.3522753,20.935774499999997
Maui,-156.2237349,20.913595899999997
Maui,-156.2318292,20.927782099999998
Maui,-156.227041,20.920991799999996
Maui,-156.392332,20.911623700000003
Maui,-156.393778,20.9139105
Maui,-156.39221620000004,20.9114989
Maui,-156.392332,20.911623700000003
Maui,-156.185318,20.883341599999994
Maui,-156.178227,20.877604000000005
Maui,-156.6557644,20.849081599999998
Maui,-156.6565848,20.848400399999992
Maui,-156.656723,20.8482894
Maui,-156.6564801,20.848480599999995
Maui,-156.6565848,20.848400399999992
Maui,-156.39221620000004,20.9114989
Maui,-156.65444030000003,20.845853799999993
Maui,-156.6545208,20.8457917
Maui,-156.6542872,20.845956799999993
Maui,-156.65444030000003,20.845853799999993
Maui,-156.6535269,20.846515199999995
Maui,-156.6536829,20.846405899999997
Maui,-156.6540276,20.8461205
Maui,-156.6535269,20.846515199999995
Maui,-156.6536829,20.846405899999997
Maui,-156.6388334,20.83244850000001
Maui,-156.628891,20.8243799
Maui,-156.6327839,20.826312499999997
Maui,-156.630325,20.8222612
Maui,-156.6328939,20.826264100000003
Maui,-156.6330741,20.8261638
Maui,-156.6327839,20.826312499999997
Maui,-156.6328939,20.826264100000003
Maui,-156.6047428,20.8092733
Maui,-156.6065429,20.812992500000004
Maui,-156.6005439,20.8095507
Maui,-156.6005145,20.8099525
Maui,-156.6005439,20.8095507
Maui,-156.6005439,20.8095507
Maui,-156.6048344,20.809116599999992
Maui,-156.6050015,20.8088939
Maui,-156.6051056,20.80866019999999
Maui,-156.6048344,20.809116599999992
Maui,-156.6050015,20.8088939
Maui,-156.573476,20.7939115
Maui,-156.5806942,20.797792699999995
Maui,-156.5807366,20.794809500000003
Maui,-156.5794166,20.794648599999995
Maui,-156.5641792,20.791828699999993
Maui,-156.557591,20.788840900000004
Maui,-156.5551819,20.787476499999997
Maui,-156.5551694,20.7874825
Maui,-156.550734,20.785034699999994
Maui,-156.5490285,20.784385099999998
Maui,-156.5468126,20.782536899999997
Maui,-156.5226566,20.7791867
Maui,-156.5090792,20.796903499999992
Maui,-156.5086131,20.7959648
Maui,-156.4645376,20.78518529999999
Maui,-156.4701134,20.788626899999997
Maui,-156.5734704,20.793831399999995
Maui,-156.5735124,20.793267099999998
Maui,-156.573476,20.7939115
Maui,-156.5734704,20.793831399999995
Maui,-156.5794441,20.794543499999996
Maui,-156.5794851,20.794386999999997
Maui,-156.5794166,20.794648599999995
Maui,-156.5794441,20.794543499999996
Maui,-156.5807054,20.794722899999996
Maui,-156.5806434,20.7945461
Maui,-156.5807366,20.794809500000003
Maui,-156.5807054,20.794722899999996
Maui,-156.555288,20.7874251
Maui,-156.5557803,20.787159499999998
Maui,-156.5551819,20.787476499999997
Maui,-156.555288,20.7874251
Maui,-156.5561688,20.788085800000005
Maui,-156.5561847,20.78797389999999
Maui,-156.5563318,20.7873505
Maui,-156.5561688,20.788085800000005
Maui,-156.5561847,20.78797389999999
Maui,-156.557608,20.788744
Maui,-156.5577564,20.788322600000004
Maui,-156.557591,20.788840900000004
Maui,-156.557608,20.788744
Maui,-156.5225651,20.779115199999996
Maui,-156.5222836,20.7789437
Maui,-156.5226566,20.7791867
Maui,-156.5225651,20.779115199999996
Maui,-156.5507541,20.7849419
Maui,-156.5508843,20.784409799999995
Maui,-156.550734,20.785034699999994
Maui,-156.5507541,20.7849419
Maui,-156.5643073,20.79165379999999
Maui,-156.5644025,20.791445699999993
Maui,-156.5641792,20.791828699999993
Maui,-156.5643073,20.79165379999999
Maui,-156.54911,20.784308600000003
Maui,-156.5494726,20.783732199999992
Maui,-156.5490285,20.784385099999998
Maui,-156.54911,20.784308600000003
Maui,-156.5468724,20.782444400000003
Maui,-156.54713610000002,20.7820045
Maui,-156.5468126,20.782536899999997
Maui,-156.5468724,20.782444400000003
Maui,-156.0011434,20.6965299
Maui,-156.1964617,20.627454799999995
Maui,-156.440439,20.689092399999996
Maui,-156.4440779,20.688582900000004
Maui,-156.440439,20.689092399999996
Maui,-156.1844197,20.6262157
Maui,-156.1073258,20.641176199999997
Maui,-156.1088164,20.640417300000003
Maui,-156.11090960000004,20.637831900000002
Maui,-156.1935995,20.628262799999995
Maui,-156.2222296,20.619580900000003
Maui,-156.2096994,20.6246253
Maui,-156.2077421,20.626480899999994
Maui,-156.2130638,20.623352700000005
Maui,-156.2174407,20.62340740000001
Maui,-156.3323718,20.584050899999998
Maui,-156.207735,20.6263639
Maui,-156.2079224,20.6250452
Maui,-156.2077421,20.626480899999994
Maui,-156.207735,20.6263639
Maui,-156.2173769,20.623313199999995
Maui,-156.2164952,20.622093699999997
Maui,-156.2174407,20.62340740000001
Maui,-156.2173769,20.623313199999995
Maui,-156.2270001,20.615306799999992
Maui,-156.1667332,20.624145699999993
Maui,-156.1554941,20.6257256
Maui,-156.5653985,21.0118885
Maui,-156.5801345,21.012963600000003
Maui,-156.5801734,21.013005599999996
Maui,-156.5794911,21.016733699999993
Maui,-156.5801345,21.012963600000003
Maui,-156.5801734,21.013005599999996
Maui,-156.5495048,20.9980898
Maui,-156.5265076,20.970325199999998
Maui,-156.2443372,20.935273300000002
Maui,-156.6489842,21.004366299999997
Maui,-156.649064,21.0044204
Maui,-156.6494353,21.004684199999993
Maui,-156.6489842,21.004366299999997
Maui,-156.649064,21.0044204
Maui,-156.6507229,21.0039944
Maui,-156.6506818,21.0040902
Maui,-156.6496326,21.0056699
Maui,-156.6507229,21.0039944
Maui,-156.6506818,21.0040902
Maui,-156.6495117,21.0047537
Maui,-156.6497205,21.0049433
Maui,-156.6494353,21.004684199999993
Maui,-156.6495117,21.0047537
Maui,-156.2563913,20.932805799999997
Maui,-156.2947206,20.942083499999995
Maui,-156.6095375,21.021238199999996
Maui,-156.2722636,20.9341668
Maui,-156.6386244,21.013006300000004
Maui,-156.3394886,20.9355224
Maui,-156.5161308,20.9532691
Maui,-156.5114902,20.9470544
Maui,-156.3185375,20.942316699999996
Maui,-156.2450463,20.933859700000003
Maui,-156.2136944,20.9077208
Maui,-156.2105228,20.902767599999997
Maui,-156.2134442,20.9039904
Maui,-156.2048667,20.899123399999997
Maui,-156.2270256,20.9145764
Maui,-156.1959928,20.888731999999997
Maui,-156.1834091,20.881581300000004
Maui,-156.1806804,20.8791113
Maui,-156.1574079,20.857870199999997
Maui,-156.1577944,20.859245600000005
Maui,-156.1669907,20.861583499999995
Maui,-156.1388173,20.857935299999998
Maui,-156.1717925,20.874006400000003
Maui,-156.1874906,20.885151499999996
Maui,-156.1150818,20.826690099999997
Maui,-156.644689,20.836710399999998
Maui,-156.6452548,20.8342613
Maui,-156.6445905,20.8371086
Maui,-156.644689,20.836710399999998
Maui,-156.6452892,20.8341566
Maui,-156.6453294,20.834002699999996
Maui,-156.6452548,20.8342613
Maui,-156.6452892,20.8341566
Maui,-156.1574079,20.857870199999997
Maui,-156.11522310000004,20.825376400000003
Maui,-156.0755589,20.821057100000004
Maui,-156.1064186,20.823672999999996
Maui,-156.0745054,20.8203477
Maui,-156.0511265,20.8065642
Maui,-156.0705785,20.8184889
Maui,-156.0649661,20.814897299999995
Maui,-155.9859254,20.761498499999995
Maui,-155.9855024,20.740247799999995
Maui,-155.9855024,20.740247799999995
Maui,-155.9885531,20.713010199999996
Maui,-156.0636549,20.812295399999996
Maui,-156.0600503,20.81102489999999
Maui,-156.0361362,20.8056456
Maui,-155.9854048,20.740277499999994
Maui,-155.9825875,20.740927
Maui,-155.9855024,20.740247799999995
Maui,-155.9854048,20.740277499999994
Maui,-155.9846787,20.728242000000005
Maui,-156.0179008,20.6836043
Maui,-156.0087923,20.685814800000003
Maui,-156.02634,20.683723099999998
Maui,-156.1129852,20.634564200000003
Maui,-156.0360093,20.675324899999996
Maui,-156.0427873,20.6686085
Maui,-156.0412792,20.672286699999997
Maui,-156.0744651,20.6497582
Maui,-156.0411216,20.6628037
Maui,-156.0757981,20.6510892
Maui,-156.0991601,20.642197399999997
Maui,-156.099504,20.64491
Maui,-156.08085240000003,20.650795899999995
Maui,-156.0586189,20.6485957
Maui,-156.0255184,20.6808541
Maui,-156.026405,20.6837053
Maui,-156.0269096,20.683065699999997
Maui,-156.02634,20.683723099999998
Maui,-156.026405,20.6837053
Maui,-156.041239,20.6722117
Maui,-156.0387651,20.669702399999988
Maui,-156.0412792,20.672286699999997
Maui,-156.041239,20.6722117
Maui,-156.03962450000003,20.670703699999997
Maui,-156.0366665,20.670813800000005
Maui,-156.0427075,20.668585399999998
Maui,-156.0406122,20.6672541
Maui,-156.0427873,20.6686085
Maui,-156.0427075,20.668585399999998
Maui,-156.03597970000004,20.6752559
Maui,-156.034001,20.6738122
Maui,-156.0360093,20.675324899999996
Maui,-156.03597970000004,20.6752559
Maui,-156.0757327,20.651067099999995
Maui,-156.0754413,20.650187
Maui,-156.0757981,20.6510892
Maui,-156.0757327,20.651067099999995
Maui,-156.0808093,20.6507345
Maui,-156.080552,20.650306
Maui,-156.08085240000003,20.650795899999995
Maui,-156.0808093,20.6507345
Maui,-156.099504,20.644838000000004
Maui,-156.0992997,20.644079
Maui,-156.099504,20.64491
Maui,-156.099504,20.644838000000004
Maui,-156.3664857,20.927551600000005
Maui,-156.0594605,20.6483644
Maui,-156.4442764,20.695277699999995
Maui,-156.2387511,20.930116899999994
Maui,-156.1744794,20.8734285
Maui,-156.0827155,20.825000899999996
Maui,-156.0574751,20.807839999999995
Maui,-156.0788727,20.651115799999996
Maui,-156.0842195,20.6478227
Maui,-156.0859372,20.6462422
Maui,-156.6258405,21.0190287
Maui,-156.626507,21.0223671
Maui,-156.625781,21.018917999999996
Maui,-156.6258405,21.0190287
Maui,-156.6849124,20.889555899999998
Maui,-156.6851,20.889533599999996
Maui,-156.6847769,20.8895618
Maui,-156.6849124,20.889555899999998
Maui,-156.68359330000004,20.889494499999998
Maui,-156.683813,20.88951409999999
Maui,-156.68338670000003,20.8894594
Maui,-156.68359330000004,20.889494499999998
Maui,-156.6833123,20.889449
Maui,-156.68338670000003,20.8894594
Maui,-156.6832696,20.889444699999988
Maui,-156.6833123,20.889449
Maui,-156.683813,20.88951409999999
Maui,-156.6847769,20.8895618
Maui,-156.6558525,20.848973899999997
Maui,-156.6563125,20.8486404
Maui,-156.6557644,20.849081599999998
Maui,-156.6558525,20.848973899999997
Maui,-156.6540818,20.846077699999995
Maui,-156.6542872,20.845956799999993
Maui,-156.6540276,20.8461205
Maui,-156.6540818,20.846077699999995
Maui,-156.6388634,20.832411199999996
Maui,-156.6389768,20.832269699999998
Maui,-156.6393327,20.83186419999999
Maui,-156.63968900000003,20.831717800000003
Maui,-156.6392091,20.831980100000003
Maui,-156.6392547,20.831939200000004
Maui,-156.6392547,20.831939200000004
Maui,-156.6393327,20.83186419999999
Maui,-156.6818608,20.958383599999998
Maui,-156.6885311,20.9133912
Maui,-156.6390519,20.8321761
Maui,-156.6392091,20.831980100000003
Maui,-156.6389768,20.832269699999998
Maui,-156.6390519,20.8321761
Maui,-156.6563712,20.8485844
Maui,-156.6564801,20.848480599999995
Maui,-156.6563125,20.8486404
Maui,-156.6563712,20.8485844
Maui,-156.6445905,20.8371086
Maui,-156.6142976,20.810763399999992
Maui,-156.6144067,20.8105073
Maui,-156.6388334,20.83244850000001
Maui,-156.6388634,20.832411199999996
Maui,-156.6366786,20.829963999999997
Maui,-156.6370681,20.8296108
Maui,-156.6365981,20.830033200000003
Maui,-156.6366786,20.829963999999997
Maui,-156.6914827,20.912271699999998
Maui,-156.6918332,20.912217899999998
Maui,-156.6914434,20.912226300000004
Maui,-156.6916253,20.912019999999995
Moloka'i,-157.0673059,21.1886084
Moloka'i,-156.8295761,21.161059000000005
Moloka'i,-157.1253516,21.1950628
Moloka'i,-156.9192318,21.060178
Moloka'i,-156.7404168,21.1141743
Moloka'i,-156.7599833,21.095394999999996
Moloka'i,-156.8284438,21.16474529999999
Moloka'i,-156.82835,21.164741599999996
Moloka'i,-157.0524776,21.185776499999996
Moloka'i,-157.2892443,21.1414609
Moloka'i,-156.9115583,21.0565721
Moloka'i,-156.9303654,21.1691266
Moloka'i,-156.930549,21.169562499999998
Moloka'i,-156.7859352,21.0817783
Moloka'i,-156.7844024,21.0799932
Moloka'i,-156.8176892,21.068854999999996
Moloka'i,-156.8164789,21.067009
Moloka'i,-156.713609,21.145663
Moloka'i,-156.916403,21.057586500000003
Moloka'i,-156.7557893,21.174763400000003
Moloka'i,-156.8164789,21.067009
Moloka'i,-156.8125883,21.0656499
Moloka'i,-156.7307528,21.1238839
Moloka'i,-157.2475904,21.203847199999995
Moloka'i,-157.1032263,21.193803299999995
Moloka'i,-156.9147028,21.1673338
Moloka'i,-156.9293611,21.063473499999997
Moloka'i,-156.92801680000002,21.061501299999996
Moloka'i,-156.8926893,21.166313799999998
Moloka'i,-156.8066198,21.173573700000002
Moloka'i,-157.2274481,21.088668499999994
Moloka'i,-156.7290164,21.126405799999997
Moloka'i,-156.7602963,21.174622399999997
Moloka'i,-157.2703824,21.16005
Moloka'i,-156.9403176,21.168121199999995
Moloka'i,-156.9442006,21.1707008
Moloka'i,-157.096892,21.194489700000005
Moloka'i,-157.1378767,21.0939554
Moloka'i,-156.8294652,21.163340999999996
Moloka'i,-156.8284438,21.16474529999999
Moloka'i,-157.2841616,21.09296
Moloka'i,-156.8280221,21.164985199999997
Moloka'i,-156.8277772,21.1655362
Moloka'i,-156.9618354,21.067782799999993
Moloka'i,-156.990288,21.1815376
Moloka'i,-156.7754279,21.08934779999999
Moloka'i,-156.8605176,21.056591699999995
Moloka'i,-156.7968865,21.1666892
Moloka'i,-157.1977499,21.090371799999996
Moloka'i,-157.1253516,21.1950628
Moloka'i,-156.7409721,21.1601208
Moloka'i,-157.072265,21.1854525
Moloka'i,-157.1613895,21.091702
Moloka'i,-156.7492421,21.1037066
Moloka'i,-156.83454530000003,21.0563122
Moloka'i,-156.80024220000004,21.0728414
Moloka'i,-157.1346559,21.095282199999996
Moloka'i,-156.8647885,21.1626919
Moloka'i,-157.2967247,21.1292751
Moloka'i,-157.2789162,21.154444700000003
Moloka'i,-157.1181013,21.196718899999997
Moloka'i,-156.7969738,21.072812899999995
Moloka'i,-156.8002904,21.069819699999996
Moloka'i,-156.819496,21.065271199999998
Moloka'i,-156.9239421,21.0619663
Moloka'i,-156.9243452,21.0612897
Moloka'i,-157.155485,21.1943373
Moloka'i,-157.2411643,21.087988000000003
Moloka'i,-156.7545846,21.1746596
Moloka'i,-156.868515,21.0494662
Moloka'i,-157.2895959,21.137639699999998
Moloka'i,-156.7566535,21.0998783
Moloka'i,-156.7322083,21.155071800000005
Moloka'i,-156.7831926,21.0843301
Moloka'i,-157.2012327,21.211586099999998
Moloka'i,-156.9945955,21.077733599999995
Moloka'i,-156.9293611,21.063473499999997
Moloka'i,-156.9664449,21.068857800000004
Moloka'i,-157.2643777,21.1649722
Moloka'i,-156.7466654,21.174122400000005
Moloka'i,-157.2577374,21.088275599999996
Moloka'i,-157.1664114,21.0921031
Moloka'i,-156.7800338,21.173121199999997
Moloka'i,-156.898044,21.1606599
Moloka'i,-156.8498932,21.164638499999995
Moloka'i,-156.8280097,21.1648999
Moloka'i,-156.8315197,21.063362599999994
Moloka'i,-157.1801271,21.0912855
Moloka'i,-156.8172806,21.171943899999995
Moloka'i,-156.8984107,21.158079499999996
Moloka'i,-156.77836600000003,21.083693999999994
Moloka'i,-156.8127877,21.1723689
Moloka'i,-156.943877,21.063676600000004
Moloka'i,-156.9443289,21.0630687
Moloka'i,-157.2012327,21.211586099999998
Moloka'i,-156.7407052,21.173208000000002
Moloka'i,-156.7513746,21.10179209999999
Moloka'i,-156.7968865,21.1666892
Moloka'i,-157.2494804,21.207585799999997
Moloka'i,-157.2483087,21.1900719
Moloka'i,-157.079255,21.1043227
Moloka'i,-157.079162,21.102208600000004
Moloka'i,-156.8821195,21.0475356
Moloka'i,-156.8984107,21.158079499999996
Moloka'i,-157.2984763,21.1160165
Moloka'i,-156.8176892,21.068854999999996
Moloka'i,-156.9428509,21.064772099999995
Moloka'i,-156.943877,21.063676600000004
Moloka'i,-157.24838450000001,21.193881800000003
Moloka'i,-157.2012327,21.211586099999998
Moloka'i,-157.2015836,21.215038299999993
Moloka'i,-156.7322083,21.155071800000005
Moloka'i,-156.8570455,21.1630293
Moloka'i,-157.297714,21.1183787
Moloka'i,-157.0753012,21.103512
Moloka'i,-157.079255,21.1043227
Moloka'i,-157.30813720000003,21.104159899999992
Moloka'i,-156.8280097,21.1648999
Moloka'i,-156.8280221,21.164985199999997
Moloka'i,-156.7754279,21.08934779999999
Moloka'i,-156.9425883,21.0653514
Moloka'i,-156.7193992,21.1359926
Moloka'i,-156.8176892,21.068854999999996
Moloka'i,-157.1253516,21.1950628
Moloka'i,-157.1256388,21.1984047
Moloka'i,-156.8929316,21.056486699999997
Moloka'i,-157.155485,21.1943373
Moloka'i,-156.898044,21.1606599
Moloka'i,-156.8977323,21.1615373
Moloka'i,-156.7536597,21.101580499999997
Moloka'i,-156.9761334,21.070666399999993
Moloka'i,-156.8526505,21.163268900000002
Moloka'i,-156.9499905,21.063431599999998
Moloka'i,-156.9878135,21.182679399999998
Moloka'i,-157.17616720000004,21.09139649999999
Moloka'i,-156.770625,21.176071399999998
Moloka'i,-157.1348787,21.0984589
Moloka'i,-157.1893904,21.0912995
Moloka'i,-157.0312785,21.0908308
Moloka'i,-156.9096584,21.055826899999996
Moloka'i,-156.8294652,21.163340999999996
Moloka'i,-156.8284377,21.164538900000004
Moloka'i,-156.8802374,21.1608601
Moloka'i,-157.2585018,21.1700758
Moloka'i,-157.0283389,21.087242999999997
Moloka'i,-157.2138665,21.090030500000005
Moloka'i,-156.9303654,21.1691266
Moloka'i,-156.7859352,21.0817783
Moloka'i,-157.1503605,21.0923914
Moloka'i,-156.7665264,21.0933493
Moloka'i,-157.1032263,21.193803299999995
Moloka'i,-157.104582,21.1948717
Moloka'i,-156.8830737,21.1613362
Moloka'i,-156.8295761,21.161059000000005
Moloka'i,-156.8294652,21.163340999999996
Moloka'i,-157.2534238,21.1752453
Moloka'i,-156.8027347,21.072405600000003
Moloka'i,-157.0099334,21.084129100000002
Moloka'i,-156.9815989,21.073381899999998
Moloka'i,-156.9239421,21.0619663
Moloka'i,-157.243376,21.0875919
Moloka'i,-157.3012099,21.112519699999996
Moloka'i,-157.302583,21.112701099999992
Moloka'i,-156.80258660000004,21.066815299999995
Moloka'i,-156.9442006,21.1707008
Moloka'i,-156.9430885,21.1723584
Moloka'i,-156.7432161,21.1108438
Moloka'i,-156.9070976,21.164467200000004
Moloka'i,-156.7859352,21.0817783
Moloka'i,-156.7886099,21.168907899999997
Moloka'i,-157.1697143,21.092416400000005
Moloka'i,-156.8235981,21.061649499999994
Moloka'i,-156.8215548,21.065402899999995
Moloka'i,-157.0469716,21.0960859
Moloka'i,-156.7637162,21.0932571
Moloka'i,-157.2091799,21.218834299999997
Moloka'i,-157.1748181,21.092068600000005
Moloka'i,-157.2213583,21.0894654
Moloka'i,-156.7450067,21.1103798
Moloka'i,-156.737,21.1589218
Moloka'i,-156.7118361,21.1546937
Moloka'i,-156.9389287,21.065082799999995
Moloka'i,-156.8964932,21.0564466
Moloka'i,-156.7968865,21.1666892
Moloka'i,-156.7958537,21.1679334
Moloka'i,-156.82835,21.164741599999996
Moloka'i,-156.8280221,21.164985199999997
Moloka'i,-157.1032263,21.193803299999995
Moloka'i,-157.0489323,21.1861185
Moloka'i,-156.9922495,21.076940399999998
Moloka'i,-156.8596678,21.163092900000002
Moloka'i,-156.73381,21.1180941
Moloka'i,-157.0592334,21.099678099999995
Moloka'i,-156.7377769,21.1145004
Moloka'i,-156.9239421,21.0619663
Moloka'i,-156.8984107,21.158079499999996
Moloka'i,-156.898044,21.1606599
Moloka'i,-157.15771720000004,21.092715499999997
Moloka'i,-156.89491440000003,21.165006399999996
Moloka'i,-157.0784806,21.104300400000003
Moloka'i,-157.079255,21.1043227
Moloka'i,-156.7322083,21.155071800000005
Moloka'i,-156.7304406,21.158252399999995
Moloka'i,-156.8277772,21.1655362
Moloka'i,-156.82786890000003,21.1656452
Moloka'i,-157.3012099,21.112519699999996
Moloka'i,-156.7311262,21.122169800000005
Moloka'i,-156.7458279,21.174150599999997
Moloka'i,-156.9635766,21.0696991
Moloka'i,-157.1103059,21.1944436
Moloka'i,-157.0508563,21.1006435
Moloka'i,-156.841515,21.053856199999995
Moloka'i,-156.7886113,21.07742989999999
Moloka'i,-157.1571174,21.1994462
Moloka'i,-156.9442006,21.1707008
Moloka'i,-156.9425883,21.0653514
Moloka'i,-156.9428509,21.064772099999995
Moloka'i,-157.2476233,21.1812405
Moloka'i,-157.2476089,21.182133299999997
Moloka'i,-156.7258043,21.127682500000002
Moloka'i,-156.8284377,21.164538900000004
Moloka'i,-156.82835,21.164741599999996
Moloka'i,-157.1912521,21.20601999999999
Moloka'i,-156.7481635,21.1742951
Moloka'i,-156.7754279,21.08934779999999
Moloka'i,-156.77322220000002,21.086463699999996
Moloka'i,-157.1441489,21.1968479
Moloka'i,-157.2715125,21.090769699999996
Moloka'i,-156.9184313,21.058738899999994
Moloka'i,-157.2025617,21.089773499999993
Moloka'i,-156.9847692,21.186909400000008
Moloka'i,-157.12629,21.0982272
Moloka'i,-156.9293611,21.063473499999997
Moloka'i,-157.3012099,21.112519699999996
Moloka'i,-157.1934793,21.0910229
Moloka'i,-156.9425883,21.0653514
Moloka'i,-157.155485,21.1943373
Moloka'i,-156.7955135,21.071299299999996
Moloka'i,-156.736154,21.163724199999997
Moloka'i,-157.2476233,21.1812405
Moloka'i,-157.0099859,21.0840328
Moloka'i,-157.0108191,21.0821672
Moloka'i,-157.0099334,21.084129100000002
Moloka'i,-157.0099859,21.0840328
Moloka'i,-157.0116696,21.082651699999996
Moloka'i,-157.0424662,21.0959877
Lāna'i,-156.8953935,20.7400611
Lāna'i,-156.8985216,20.7403074
Lāna'i,-156.9179334,20.738136299999997
Lāna'i,-156.9217031,20.736586699999997
Lāna'i,-156.8767522,20.743599100000004
Lāna'i,-156.971281,20.923962600000003
Lāna'i,-157.0028549,20.9263396
Lāna'i,-156.9776647,20.926297499999997
Lāna'i,-156.9585701,20.922837199999996
Lāna'i,-157.0289969,20.923911299999997
Lāna'i,-156.995524,20.927882000000004
Lāna'i,-157.0073106,20.926207499999993
Lāna'i,-156.9576654,20.920140299999996
Lāna'i,-156.9716173,20.922586399999993
Lāna'i,-156.9472828,20.9222419
Lāna'i,-157.04332030000003,20.917393299999993
Lāna'i,-157.0154102,20.9253411
Lāna'i,-157.040438,20.914474999999996
Lāna'i,-156.9783943,20.926545100000002
Lāna'i,-156.9610439,20.923096599999997
Lāna'i,-157.0261405,20.924760599999995
Lāna'i,-157.0370286,20.9206466
Lāna'i,-156.9058426,20.916276199999995
Lāna'i,-156.9147174,20.919577600000004
Lāna'i,-157.0394756,20.918753400000003
Lāna'i,-156.9527692,20.9235761
Lāna'i,-157.0582316,20.903717500000003
Lāna'i,-156.9223894,20.9196734
Lāna'i,-156.8860739,20.9053658
Lāna'i,-156.9942666,20.9276813
Lāna'i,-156.9022599,20.915347800000003
Lāna'i,-157.034435,20.922476599999996
Lāna'i,-157.058871,20.899708599999997
Lāna'i,-156.9672406,20.92384699999999
Lāna'i,-156.9291769,20.9210823
Lāna'i,-157.0592363,20.897471899999996
Lāna'i,-156.8767981,20.898055
Lāna'i,-156.8669602,20.8908341
Lāna'i,-157.0598491,20.888841299999992
Lāna'i,-156.8618237,20.885008599999995
Lāna'i,-157.0567348,20.883520599999997
Lāna'i,-156.8815456,20.9040011
Lāna'i,-156.8911761,20.909866900000004
Lāna'i,-157.0546968,20.8836242
Lāna'i,-156.8641303,20.8843208
Lāna'i,-157.0531511,20.878761899999997
Lāna'i,-157.0526197,20.8772424
Lāna'i,-157.0324435,20.8652623
Lāna'i,-157.0393083,20.867227700000004
Lāna'i,-156.8588035,20.882926699999995
Lāna'i,-156.8452044,20.870292000000003
Lāna'i,-157.0324435,20.8652623
Lāna'i,-156.883272,20.904643399999998
Lāna'i,-157.0192275,20.8580219
Lāna'i,-156.8390687,20.8658185
Lāna'i,-157.0324435,20.8652623
Lāna'i,-157.03235770000003,20.8634503
Lāna'i,-157.0136739,20.8540367
Lāna'i,-157.0174636,20.8601494
Lāna'i,-157.0076398,20.8505276
Lāna'i,-157.0209777,20.858812900000004
Lāna'i,-156.8559973,20.879141899999997
Lāna'i,-157.006389,20.8489161
Lāna'i,-157.0086953,20.851508099999993
Lāna'i,-156.8309079,20.8581959
Lāna'i,-157.002643,20.8464962
Lāna'i,-157.0035276,20.8461809
Lāna'i,-156.9982016,20.837791100000004
Lāna'i,-156.8288771,20.8561197
Lāna'i,-157.0003431,20.8460375
Lāna'i,-157.0018864,20.842757300000002
Lāna'i,-156.9902735,20.825236699999998
Lāna'i,-157.001258,20.841885599999998
Lāna'i,-156.8483166,20.87368199999999
Lāna'i,-156.822993,20.8487618
Lāna'i,-156.8264993,20.852088300000002
Lāna'i,-156.8337197,20.860398499999995
Lāna'i,-156.9882855,20.8205972
Lāna'i,-156.81609460000004,20.8362789
Lāna'i,-156.9922434,20.828677799999998
Lāna'i,-156.8522722,20.876573200000003
Lāna'i,-156.9889989,20.8232065
Lāna'i,-156.9868769,20.817718199999998
Lāna'i,-156.9881089,20.817798599999996
Lāna'i,-156.9870193,20.8138652
Lāna'i,-156.9862613,20.812683
Lāna'i,-156.9862431,20.812046399999996
Lāna'i,-156.8066655,20.806427500000005
Lāna'i,-156.9866704,20.8085942
Lāna'i,-156.9864692,20.807957600000005
Lāna'i,-156.9872319,20.8038746
Lāna'i,-156.9875614,20.803306900000006
Lāna'i,-156.8205408,20.7843363
Lāna'i,-156.9876169,20.796499799999996
Lāna'i,-156.9885931,20.7919811
Lāna'i,-156.8228742,20.7814472
Lāna'i,-156.9880015,20.791935
Lāna'i,-156.9899228,20.788184899999997
Lāna'i,-156.9893315,20.784853000000002
Lāna'i,-156.8313109,20.7663163
Lāna'i,-156.9886979,20.7785333
Lāna'i,-156.8274372,20.773770199999998
Lāna'i,-156.9880275,20.773905199999998
Lāna'i,-156.9870826,20.7710837
Lāna'i,-156.9860646,20.768617699999997
Lāna'i,-156.8528649,20.7573921
Lāna'i,-156.9854246,20.7666336
Lāna'i,-156.9850467,20.7652573
Lāna'i,-156.9846628,20.7633649
Lāna'i,-156.844982,20.7575399
Lāna'i,-156.8466336,20.760287099999996
Lāna'i,-156.8646744,20.751991399999998
Lāna'i,-156.8397203,20.759029699999996
Lāna'i,-156.8567974,20.7554428
Lāna'i,-156.8587968,20.75845929999999
Lāna'i,-156.9842972,20.761501199999998
Lāna'i,-156.86338810000004,20.752817099999998
Lāna'i,-156.8502617,20.757380299999998
Lāna'i,-156.86044329999999,20.753871900000004
Lāna'i,-156.8667411,20.7516359
Lāna'i,-156.9529735,20.7346538
Lāna'i,-156.8682348,20.7501337
Lāna'i,-156.9741112,20.7469161
Lāna'i,-156.963451,20.7375177
Lāna'i,-156.9461054,20.736508299999997
Lāna'i,-156.9369613,20.7363453
Lāna'i,-156.9014951,20.7384517
Lāna'i,-156.9095844,20.737733799999997
Lāna'i,-156.9649707,20.733883399999996
Lāna'i,-156.9276831,20.7364455
Lāna'i,-156.9315967,20.736043
Lāna'i,-156.9415697,20.7359023
Lāna'i,-156.9242599,20.7358651
Lāna'i,-156.9435387,20.7358442
Lāna'i,-156.9505775,20.735197599999996
Lāna'i,-156.95593610000003,20.734666200000003
Lāna'i,-156.9562897,20.7346606
Lāna'i,-157.0000562,20.840492099999995
Lāna'i,-156.8872736,20.743189200000003
