ahupuaa,island,total_pop,area_km2,pop_density_km2
"Ahalanui, Laepaoʻo",Hawaiʻi,12.86118679376642,5.419190727094686,2.3732670506434648
Aki,Maui,125.37305960476493,1.4840035386686403,84.4829923500332
"Alaeakila, Kaapahu",Hawaiʻi,217.7816909420376,20.15833896418446,10.803553374559915
Alakahi,Hawaiʻi,37.27632178538583,4.231318898052108,8.809622409349961
Aleamai,Hawaiʻi,222.6062782853205,2.87166031264285,77.51831834192507
Anahola,Kauaʻi,2231.439350588816,25.52479785168243,87.42241029900003
"Anapuka, Hoʻopūloa",Hawaiʻi,391.20223595889263,53.036496492495694,7.376094987990866
"Apuakohau, Kukuiwaluhia",Hawaiʻi,37.092601020001446,4.760620576127797,7.7915474310225115
"Au 1-2, Āhualoa",Hawaiʻi,19.479434426289583,4.122716044368569,4.724903247435037
Aukuʻu,Oʻahu,23.56085729030341,3.9146258183510936,6.018674168001998
Auwahi,Maui,174.17371600594385,21.334524042618632,8.163937271720147
Awakeʻe,Hawaiʻi,62.241238878357166,7.415667419539512,8.39320796862572
Awalua,Hawaiʻi,23.989191224706442,2.214543241586335,10.832568438592492
Aʻapueo,Maui,1973.8712620455883,9.611343662887844,205.3689194016932
East Hanawana,Maui,13.123125439001644,0.8666155834178031,15.14296037378648
East Honomāʻele,Maui,4.861847506444152,3.564954561005819,1.3637894742401506
East Kaupakulua,Maui,277.5947019972478,4.531307919791818,61.26149599870965
East Makaīwa,Maui,20.041857729082338,13.630856931317593,1.4703299895280348
East Waiakalua,Kauaʻi,135.68395431889556,2.119564236179659,64.01502346701923
East ʻŌhiʻa,Molokaʻi,14.10297679914066,1.357208177135584,10.391166982876042
Grant 3584,Maui,52.88408504692347,0.6774881326504031,78.05905741851964
Haina,Hawaiʻi,172.22549398317767,1.6105899977630376,106.93316997024888
Hakalau,Hawaiʻi,354.5285422677546,53.86947651011809,6.581250927900977
Hakipuʻu,Oʻahu,205.1835037466637,4.7731984272335275,42.986585802925624
Halakaʻa,Maui,14.053055081881322,0.4542405494058293,30.93747376860886
Halaʻula,Hawaiʻi,19.137321030522212,2.454704683626236,7.796180598902603
Halehaku,Maui,271.95891075339836,15.208525909548424,17.882003316485353
Halelua,Hawaiʻi,23.646836413785298,3.033130917607892,7.796180598902273
"Halelua, Wailoa, Kumu",Hawaiʻi,55.929000915721375,29.694653720956442,1.8834703863291908
Haleohiu,Hawaiʻi,24.016587813921838,2.864087304596469,8.385424485970974
"Halepuaʻa, Kanekiki",Hawaiʻi,322.3566893088763,6.713857779444862,48.01363089575759
Haleʻaha,Oʻahu,11.279605961300208,0.29336147624525427,38.44951322739561
Hamanamana,Hawaiʻi,29.449987548344893,3.5180786737730427,8.371042912681823
Hanakaʻoe,Oʻahu,29.162372957216263,2.928876228467713,9.956847159933764
Hanakaʻōʻō,Maui,1299.1225941228743,14.241074863268627,91.22363351053252
Hanakoa,Kauaʻi,33.61996598619699,6.857641992612771,4.9025548464637385
Hanakāpīʻai,Kauaʻi,56.22172455091548,11.331793014456395,4.961414709851416
Hanalei,Kauaʻi,2874.18925836503,68.13451872834247,42.18403992585083
Hanamāʻulu,Kauaʻi,6578.758224686835,73.87331066418923,89.05460125636347
"Hanapai, Niupuka",Hawaiʻi,19.65405938504806,4.159674464385226,4.7249032474354475
Hanapēpē,Kauaʻi,2718.235030720344,67.05900354688315,40.534974976476306
Hanehoi,Maui,47.65653651836168,3.1013283234708546,15.366491885975757
Haneoʻo,Maui,4.2890895720011395,3.0730910578009354,1.3956923147830045
Hauola,Hawaiʻi,103.3274945360656,3.0743040722838377,33.61004380393177
Hauʻula,Oʻahu,2093.084387753844,6.314345892888699,331.4807936180854
Haʻikū,Hawaiʻi,0.5326734469808847,0.8597338677545487,0.619579461691
Haʻikū,Kauaʻi,1439.9444092872282,50.14560978008135,28.7152637210366
Haʻikū,Maui,3706.683619460646,21.2961189715876,174.05441923037478
Haʻikū Uka,Maui,198.13298101714295,31.535015218210482,6.2829518123310555
Heʻeia,Oʻahu,13861.550652503862,17.051961574607162,812.9006502774271
Hionamoa,Hawaiʻi,13.795695940102256,7.32595846658109,1.883125054971884
"Honalo, Māʻihi 1-2",Hawaiʻi,3387.437418191904,81.13249581278146,41.75191930504193
Honohina,Hawaiʻi,29.476220833694285,28.080330385361965,1.0497106134142917
Honoipu,Hawaiʻi,22.843198714757275,2.123565515367114,10.757002103044712
Honokahua,Maui,878.0900955800777,13.809879484504721,63.58419684728839
Honokaia,Hawaiʻi,92.69221390563177,19.617801476878974,4.7249032474345505
Honokalani,Maui,51.01848345438194,1.1957070249939934,42.66804692783187
Honokeana,Maui,1179.0288957121431,2.245623464904964,525.0341003904857
Honokua,Hawaiʻi,76.8314429302153,28.8265432711758,2.6653019825322066
Honokāne,Hawaiʻi,167.95658773266862,19.02935452817495,8.826184171617136
Honokōhau,Maui,905.928039783168,35.682493988098024,25.38858522852529
Honokōhau 1-3,Hawaiʻi,1142.8195476548647,15.01231368383159,76.12547750622161
Honokōwai,Maui,991.6348500417333,17.486556055426217,56.70841341763355
Honolua,Maui,410.54503918514615,16.7167826564402,24.558854871932084
Honolulu,Hawaiʻi,65.8276950073078,1.4893644069681693,44.198514949951175
Honolulu,Oʻahu,99198.00987564691,33.630112866056244,2949.6781729736645
Honomainoa,Hawaiʻi,0.25685863321581803,0.4184908380049607,0.6137736119632166
Honomakaʻu,Hawaiʻi,108.62729698238782,1.4640886595863254,74.1944801437641
Honomanü,Maui,21.004490309550192,15.037747638047788,1.396784333340296
Honomuni,Molokaʻi,39.2158389537571,3.1362156856272163,12.504190682253496
"Honomū, Kuhua",Hawaiʻi,122.08593077580446,16.65649440095838,7.329629382805777
Honopou,Maui,354.1711281448513,23.00180184324564,15.39753844322643
Honopue,Hawaiʻi,46.25655632524682,9.712029740777457,4.762810407286082
Honopueo,Hawaiʻi,429.6873787306301,3.2972626168324575,130.31639534475806
Honopū,Kauaʻi,42.432211182857145,8.909468851984197,4.762597174735867
Honoulimaloʻo,Molokaʻi,46.46307808451614,3.1526959617916437,14.737570208993978
Honouliuli,Oʻahu,132519.88727734346,177.78644130767998,745.388041419888
Honouliwai,Molokaʻi,57.25836041189045,4.033068383360994,14.19722032190629
Honuaʻula,Hawaiʻi,454.13525921272,28.67875273205675,15.835251395193811
Honuʻapo,Hawaiʻi,2.2263098202988467,8.786291080650836,0.2533844826973266
Hoʻokena,Hawaiʻi,49.97547451851573,17.566990675872923,2.84485120078954
Hoʻolehua,Molokaʻi,114.16671283449786,16.09554483966621,7.093062954485575
Hulunanai,Hawaiʻi,3.7709002437376076,1.7937904299576994,2.1021966561760124
Humuʻula,Hawaiʻi,306.8529250605988,457.767442394527,0.6703249218762428
Hāhākea,Maui,130.39063047871926,2.0110767960996436,64.83622640945569
Hālawa,Molokaʻi,291.44952844493724,34.50820968168423,8.445802640396863
Hālawa,Oʻahu,23056.61614553766,35.165398142223076,655.6620247064285
"Hālawa, Napapaʻa",Hawaiʻi,53.888545084638075,6.9121724928016475,7.796180598901103
Hāliʻimaile,Maui,1519.976874307531,16.720241827504907,90.90639298094116
Hāmoa,Maui,0.862121127835722,0.621915971585541,1.3862341011082109
Hāmākualoa,Maui,2947.9295784764286,11.186016980275035,263.53701980559185
Hāmākuapoko,Maui,2204.301131775941,24.884355826936066,88.5818040501533
Hāwī,Hawaiʻi,215.42516845997085,1.2858666234778464,167.53305865993832
Hāʻena,Hawaiʻi,10.996921521690425,1.0131194465001636,10.854516276120703
Hāʻena,Kauaʻi,36.47035129608531,7.475958199767631,4.878351419516884
Hīleaiki,Hawaiʻi,2.1364591452275032,8.433667889503312,0.2533250269300475
Hīleanui,Hawaiʻi,4.432428902514977,17.44073563948074,0.25414231338277105
Hōlualoa 1-2,Hawaiʻi,3816.667031223038,30.892632576531412,123.54618926593173
Hōlualoa 3,Hawaiʻi,823.3575492262488,1.3511983225539923,609.353590426285
Hōlualoa 4,Hawaiʻi,1409.2063876395227,3.0506294606683495,461.9395458571313
Hōnaunau,Hawaiʻi,416.2570679025941,28.531871399893493,14.589196133280902
Hōʻaeʻae,Oʻahu,21091.518110197703,13.299364730463683,1585.904179459431
"Hōʻea, Manowaikohau",Hawaiʻi,18.556984698121283,17.64337150942249,1.051782233810067
Iliʻililoa,Hawaiʻi,5.247839707414703,0.3076992755663265,17.055092826448654
Kahakuloa,Maui,1655.7991720582415,41.88927159155532,39.52800106440721
Kahaliʻi,Hawaiʻi,4.87751392389188,0.5536543113653644,8.809673877303448
Kahaluʻu,Hawaiʻi,1406.3601888555909,20.625303064000207,68.18615874354246
Kahaluʻu,Oʻahu,8860.758647614932,9.85163290219521,899.4203027642774
Kahana,Maui,2269.8464487974557,12.379052423351277,183.3618900034482
Kahana,Oʻahu,1032.6783219704732,21.583226474193033,47.846336746975346
Kahanahāiki,Oʻahu,78.90729284101954,6.321539004576076,12.482291540699128
Kahananui,Molokaʻi,15.376917381269408,1.2635040254369303,12.170058085847364
Kahanui,Molokaʻi,277.6301411356887,19.671119264427972,14.113591474062066
Kahaualeʻa,Hawaiʻi,240.64222064646026,110.43910281587145,2.178958489437104
Kahauiki,Oʻahu,2343.4132524734587,5.3177564971938,440.6770512546196
Kahauloa 2,Hawaiʻi,470.79420770483046,19.82244479092088,23.750562186984354
Kahikinui,Maui,244.0969301903425,112.03504244313788,2.178755190048963
"Kahilipaliiki, Kah",Hawaiʻi,46.370055845688135,6.186312798718061,7.495588625149544
Kahilipalinui,Hawaiʻi,49.44615597215283,10.144726357601979,4.874074886711973
"Kahoahuna, Paʻana",Hawaiʻi,3.384812687074542,5.455217240831535,0.6204725747197919
Kahua,Hawaiʻi,16.162235439086004,1.83466465907882,8.809367618821968
Kahua,Maui,26.75184170886306,0.32500340463537514,82.31249681484489
Kahue,Hawaiʻi,35.81821948109427,18.73919782740097,1.9114062304588022
Kahuku,Hawaiʻi,3881.9257318867762,888.5554939070049,4.36880505326441
Kahuku,Oʻahu,1107.4472616035173,17.23460543629198,64.25718683826071
Kahuwai,Hawaiʻi,593.0313414147645,12.483364028169477,47.505731634241606
Kahuā 1,Hawaiʻi,151.56794999617804,16.0898093795526,9.420120923793853
Kahuā 2,Hawaiʻi,213.2612225743201,21.84704515012644,9.761559108284528
Kaiamiki,Molokaʻi,1.344010416838197,0.2022170146623496,6.646376513283755
Kaiaʻakea,Hawaiʻi,0.3975788344945794,0.6472054481444663,0.6143008153507287
Kaiholena,Hawaiʻi,114.25739931435982,11.297767668354467,10.113272167421153
Kaihoʻonā,Hawaiʻi,36.62096191187817,3.391550072756283,10.79770639568256
Kaihuiki,Hawaiʻi,0.33645440769206225,0.5457197786454391,0.6165332847696928
Kailua,Oʻahu,40293.99574899852,45.82391029671422,879.3225084479047
Kaimū,Hawaiʻi,61.796089657145096,19.751310049947097,3.1287083996390717
Kainalu,Molokaʻi,56.53868050846404,4.827494718493313,11.711805772023729
Kainehe,Hawaiʻi,2.1611355727546426,2.0545938695785777,1.0518553592286917
Kaipapaʻu,Oʻahu,298.6505403108264,6.555930579328541,45.554256058247375
"Kaipuhaʻa, Lamaloloa",Hawaiʻi,171.41786773295487,16.925811759917355,10.127600977986528
Kaiwiki,Hawaiʻi,9.099905138386658,8.659496081958283,1.0508585086545568
"Kaiwiki, Maumau",Hawaiʻi,23.201737463175963,9.816029255705073,2.3636581410646387
Kaiwikinui,Hawaiʻi,152.6594057176161,22.221963922940937,6.8697531076457885
Kalakalaula,Hawaiʻi,2.7981930984330927,0.5922223063406872,4.724903247435902
"Kalala 1-2, Kokiʻo",Hawaiʻi,154.60995589570848,15.127420532445393,10.220510202919263
Kalalau,Hawaiʻi,306.1507648133517,5.664650223158716,54.045837386696796
Kalalau,Kauaʻi,54.67861250990594,10.975344032617476,4.981949754596057
Kalamaʻula,Molokaʻi,249.28109678626146,28.291624836814172,8.811126905015618
Kalaoa,Hawaiʻi,196.54847810361682,2.316486047586735,84.84768484074263
Kalaoa 1-5,Hawaiʻi,4151.313686709099,14.188914011210308,292.57444815221584
Kalapakī,Kauaʻi,3792.283013026236,12.127060558451472,312.7124660380586
"Kalapana, Kupahua",Hawaiʻi,55.944954751622504,26.61194536337797,2.102249722360063
Kalauao,Oʻahu,11796.714229306974,10.954107586185028,1076.9215234095943
Kalaupapa,Molokaʻi,23.248798293489354,5.0321362441289725,4.620065349107724
Kalawao,Molokaʻi,22.637455395871985,7.973102378704887,2.8392279843707597
Kalialinui,Maui,1767.4962119537163,81.03699218487648,21.810979952481194
Kalihi,Maui,46.548966834365174,5.110875989207613,9.107825533755927
Kalihi,Oʻahu,38622.10211410505,16.097902328160334,2399.200922379977
Kalihikai,Kauaʻi,249.1833509780349,9.808776094887165,25.404122651746736
Kalihiwai,Kauaʻi,876.5882662584279,34.60351265141159,25.3323492065384
Kaloko,Hawaiʻi,1466.8652743255068,17.450265294316143,84.0597692691406
Kalopā,Hawaiʻi,165.93770397129074,33.70689943943949,4.922959593759956
Kaloʻi,Maui,62.336771955942204,7.677707487460852,8.119190794615442
"Kalua, Pakiloa, ʻŌuhi, Kaao",Hawaiʻi,1409.7976933383115,6.260780443809279,225.17922581558236
Kaluako‘i,Molokaʻi,1223.0943308370445,206.17287434463015,5.932372698032865
Kaluanui,Oʻahu,278.897505473917,6.639236553089963,42.00746625666102
Kalua‘aha,Molokaʻi,76.34490468070618,5.867419619791489,13.01166605217495
Kalulu,Lānaʻi,175.67503704721724,25.122152364680172,6.992833834341477
Kalāheo,Kauaʻi,3901.547778263152,21.713035050460352,179.68689173098502
Kalāhiki,Hawaiʻi,45.39174602231748,10.366722330799435,4.378601507195676
Kamalomaloʻo,Kauaʻi,324.3142130736303,9.576269546452256,33.86644574909442
Kamalō,Molokaʻi,181.24480198022965,15.881817607969122,11.412094412246951
Kamananui,Oʻahu,12588.500199851567,89.29144921565528,140.98214678370852
Kamano,Hawaiʻi,18.327957790896505,1.7004691007866997,10.778177493738237
Kamanoni,Molokaʻi,4.294137895927513,0.2551508709055353,16.82979909371869
Kamao,Lānaʻi,75.69687185951697,10.857987567316751,6.971537901495622
Kamaui,Hawaiʻi,58.830008199332056,1.4963276230937244,39.3162615535349
Kamaʻeʻe,Hawaiʻi,10.12348794851027,13.366044483228912,0.7574034308514198
Kamaʻole,Maui,7460.916981786806,32.765719266130766,227.70496570478156
Kamehameiki,Maui,118.3091454316363,1.8021382710494092,65.64931633283794
Kamehamenui,Maui,536.7823677772574,21.534502647107754,24.92662015806301
Kamiloloa,Molokaʻi,140.36713842353208,9.350130734500706,15.012318266908986
Kamiloloa (Government),Molokaʻi,288.7074566180937,5.993442377752579,48.17055682219693
Kamoamoa,Hawaiʻi,89.24846595509352,42.586984495863106,2.095674699948833
Kamoauau,Hawaiʻi,24.325750724923665,1.00595069207673,24.1818519700051
Kamoku,Hawaiʻi,106.32105122431817,27.39723921465603,3.880721352662505
Kamoku,Lānaʻi,890.7946447951288,34.00250996825641,26.19790849636525
"Kamāʻoa, Puʻuʻeo, Ke",Hawaiʻi,504.9166855983203,59.4284310941589,8.496214291747432
Kanahena,Maui,176.88980405247628,5.27693095173743,33.521341414223976
Kanahonua,Hawaiʻi,8.164189145138716,1.7411654347966388,4.688922133405583
Kanaio,Maui,296.96843523396547,36.37712407418055,8.16360398992468
Kaohai,Lānaʻi,273.310405932116,39.17521232699248,6.976615816420217
Kapaeloa,Oʻahu,58.213571459372424,7.799589983034842,7.463670729614605
Kapaka,Oʻahu,38.79918066785337,0.9286245806255787,41.78134143478719
Kapano,Oʻahu,12.478144245527997,0.31461880986500157,39.66115138151527
Kapaʻa,Hawaiʻi,22.211514077988944,2.0521853663752676,10.823346877880082
Kapaʻa,Kauaʻi,9203.421049747976,31.59737175707834,291.27172729757996
Kapaʻanui,Hawaiʻi,29.769538578460455,2.758357237197278,10.792488433698603
Kapaʻau,Hawaiʻi,346.0063073952585,4.885007042231012,70.83025764426233
Kapa‘akea,Molokaʻi,199.49966213982327,8.826964214574012,22.601163581294873
Kapoaula,Hawaiʻi,31.38977308315461,6.6434742553090524,4.724903247434104
Kapoho,Hawaiʻi,191.39423095837918,17.014550808893407,11.248855941488536
Kapuaoko‘olau,Molokaʻi,19.592897539630034,2.9513020583032072,6.638730008847208
Kapulei,Molokaʻi,100.47928299784942,8.028758602742084,12.514921418054898
Kapulena,Hawaiʻi,34.237569979748976,7.246194934963256,4.7249032474341774
"Kapulena, Haukoʻi, K",Hawaiʻi,16.970604954092263,3.5939832105273606,4.721948868426153
Kapunakea,Maui,14.944793096350622,0.26980084209251404,55.39194385177675
Kapunapuna,Hawaiʻi,21.696610283049694,2.002574042400077,10.834361089114285
Kapuʻa,Hawaiʻi,802.6374529109445,63.84706475890628,12.57125062744535
Kapālama,Oʻahu,16601.0232248542,5.4926090456041505,3022.4294296242233
Kapāpala,Hawaiʻi,1115.737640322531,750.0947289098634,1.4874623128522289
Kau,Hawaiʻi,51.78410909153581,6.2602328318676514,8.271914237427294
Kauaea,Hawaiʻi,116.13266430050425,6.681815554002995,17.38040557419017
Kauaʻula,Maui,294.66334746048335,5.392656789899172,54.64159113786152
Kaueleau,Hawaiʻi,159.253647139765,9.26033921419236,17.197388071453524
Kauhakō,Hawaiʻi,28.880469685421946,2.8357769674841315,10.184323385292307
Kauhiula,Hawaiʻi,149.25683229768578,0.5260802112735669,283.71497178416155
"Kaukulau, Ki (b)",Hawaiʻi,4.439150565859625,1.8750318979947809,2.36750669180988
"Kaulana, Awalua, ʻŌhiki",Hawaiʻi,173.6870048827995,21.15761200417568,8.209196994846135
Kaulanamauna,Hawaiʻi,169.8621813927478,12.413403685945251,13.683771646375263
Kauleolī 1-2,Hawaiʻi,34.36090695326276,2.052415948658438,16.74168775375322
"Kaumalumalu, Pāhoehoe",Hawaiʻi,3657.5293578243504,19.40332771200542,188.5001074099948
Kaunakakai,Molokaʻi,1615.2451267721356,21.49005073750119,75.1624622250637
Kaunala,Oʻahu,647.6122758509239,5.194826832900915,124.66484383066177
Kaunolū,Lānaʻi,228.7354253956294,32.704571728948174,6.993989320250482
"Kaunāmano, Napauku",Hawaiʻi,86.1717588450289,18.573508841615762,4.639498092678786
"Kaupakuea, Makea",Hawaiʻi,63.21498142531654,7.213976075540205,8.762848776232294
Kaupalaoa,Hawaiʻi,39.64444906439334,4.048124445570946,9.793288125756199
Kawaihae 1,Hawaiʻi,898.4516427477598,52.64434923766944,17.066440287666744
Kawaihae 2,Hawaiʻi,936.0510490717835,42.69997228559074,21.92158446406433
Kawaihāpai,Oʻahu,40.36130490446946,7.273545689557178,5.549054976366926
Kawailoa,Oʻahu,560.2978770495611,48.022504734977176,11.667402192819575
Kawainui,Hawaiʻi,33.666662689107014,3.462984701852046,9.721862955704562
Kawaipapa,Maui,342.3770412245924,61.0397931110861,5.609079319805388
Kawela,Hawaiʻi,111.41036019026963,17.727142858509236,6.284733026607914
Kawela,Maui,12.942015682733398,8.48801021204342,1.524740823752816
Kawela,Molokaʻi,218.05943158269093,32.84134878859597,6.639783066961343
Kawela,Oʻahu,20.89953995189811,2.805885173844382,7.448465869778755
Kaūmana,Hawaiʻi,1015.1834190044802,11.204464362372176,90.6052610969748
Kaʻakaʻaniu,Kauaʻi,8.718764244322116,0.5553463304251866,15.69968822454777
Kaʻakepa,Hawaiʻi,9.927066683623604,1.1268370227867812,8.809673877303899
Kaʻala,Hawaiʻi,10.238953465090118,9.73859613147354,1.0513787949373425
Kaʻalaea,Oʻahu,911.1674582813511,5.389621098450819,169.05965032370366
"Kaʻalaʻala, Kanaio",Hawaiʻi,119.09645082044302,63.330520011651664,1.880553811946143
"Kaʻalāiki, Hiʻonaʻā",Hawaiʻi,16.67141369432788,65.6941994440568,0.2537729941975281
Kaʻamola,Molokaʻi,44.781572417121744,2.738346535247445,16.353508162937878
Kaʻapoko,Hawaiʻi,90.9834809713954,0.5603574040306005,162.36687570639629
Kaʻapuna,Hawaiʻi,48.40465668356008,9.475223554505147,5.108550358217702
Kaʻauhuhu,Hawaiʻi,265.16505655117834,7.783431843499089,34.0678844348911
Kaʻawaloa,Hawaiʻi,291.28904174080276,9.179124027792588,31.733860536020284
Kaʻaʻawa,Oʻahu,422.34476782022693,8.840235613968476,47.77528408325215
Kaʻena,Oʻahu,78.82012016821353,13.272272881208837,5.938705515903664
Kaʻieʻie,Hawaiʻi,119.11527644538384,2.177736413390411,54.69682910795393
Kaʻohe,Hawaiʻi,81.82420408029223,77.79035716498494,1.0518553592285473
Kaʻohe 1-3,Hawaiʻi,33.942595574827294,8.516499005936037,3.9855104252544566
Kaʻohe 4,Hawaiʻi,11.878643524606591,3.8598178310665787,3.0775140290297536
Kaʻohe 5,Hawaiʻi,4.733052811969186,0.5932111459972114,7.978698384051326
Kaʻohe Mauka,Hawaiʻi,1208.5198222965553,904.3801984035845,1.336296199794997
Kaʻonoʻulu,Maui,2482.2706005103105,23.32658559306305,106.41379942242801
Kaʻā,Lānaʻi,563.2402555358201,80.76808508935946,6.973549699892816
Kaʻāpahu,Maui,10.25429571834968,7.342211226352811,1.3966222711687668
Kaʻūpūlehu,Hawaiʻi,585.4825738152416,74.12480774128481,7.898604956369407
Ka‘ili‘ula,Molokaʻi,6.162567908167798,0.3661700222239792,16.829799093707003
Keaaula,Maui,106.60662103638538,0.7753444818598134,137.4958144806407
Keahialaka,Hawaiʻi,1758.1284844114218,22.975593185528478,76.52157096508853
Keahuolū,Hawaiʻi,2848.130824938013,16.46837045797689,172.9455159030896
Kealahewa,Hawaiʻi,81.10137605599535,2.9873651946670114,27.148129127558963
Kealakehe,Hawaiʻi,3004.0583712337934,14.299920849803346,210.07517473602698
"Kealakekua, Kīloa 1",Hawaiʻi,1408.8254377756657,56.12301294322651,25.102455550645857
Kealakomo,Hawaiʻi,37.521337938242084,18.94234767859516,1.980817719898636
Kealiʻiiki,Maui,90.31435491725593,0.4130703889963925,218.64156163961846
Keana,Oʻahu,1056.6894399990886,5.893131015200604,179.3086624535393
Keauhou,Hawaiʻi,831.6583369851144,258.18100730066345,3.221221985614963
Keauhou,Maui,53.815947542897824,3.747218987548273,14.361569932721885
Keauhou 1,Hawaiʻi,656.860000205864,22.022504320382513,29.82676223602416
Keauhou 2,Hawaiʻi,2485.787230592652,505.0257862127951,4.922099620365233
"Keauohana, Kehena",Hawaiʻi,180.58095603719445,11.04707670310275,16.34649246044208
Keawanui,Molokaʻi,25.597678302203697,1.8486759844344482,13.846492580491116
Keawaʻula,Oʻahu,64.52601759187408,5.3809389190651515,11.99159079157219
Keaīwa,Hawaiʻi,13.48844619532329,7.152643615445163,1.8857987228941229
Keaʻau,Hawaiʻi,21609.40792583916,264.90143597213654,81.57527665539772
Keaʻau,Oʻahu,97.06953173805681,7.6537418357334515,12.682624240716203
Keaʻā,Hawaiʻi,16.541124595591643,3.500838795921661,4.724903247433558
"Kehena 1, Kipi",Hawaiʻi,56.46654029799924,5.683913327753508,9.934447807689724
Kehena 2,Hawaiʻi,135.0080011659821,15.56082117615692,8.676148876567531
Kemau,Hawaiʻi,54.6094313626562,1.5742332278690114,34.68954307144134
Keonekūʻino,Molokaʻi,2.789746178738796,0.4330468917223811,6.44213417083537
Keonepokoiki,Hawaiʻi,816.8490643612262,18.860310003593938,43.31047921299125
Keonepokonui,Hawaiʻi,511.5346452948177,12.554995478789598,40.74351489484835
"Keoniki, Kauniho, Wa",Hawaiʻi,314.00725199279236,7.22505457889379,43.46088303749108
Keālia,Kauaʻi,441.98304285312224,26.95231772472088,16.398702603885226
Keālia,Oʻahu,17.515951915879192,3.394723601097692,5.159757899057045
Keālia 1,Hawaiʻi,343.0958032190091,25.683057223588435,13.35883809439536
Keālia 2,Hawaiʻi,56.64380321672768,7.546548516208873,7.505921825728033
Keāliaaupuni,Lānaʻi,133.35566110799124,19.13331482766147,6.969814813019013
Keāliakapu,Lānaʻi,51.412476967531745,7.42941440231815,6.920125084352525
Keōpukaloa,Molokaʻi,96.72426312318342,7.622313906572535,12.689619492025964
Keōpukaʻuʻuku,Molokaʻi,27.90662652267999,1.6670754991198629,16.739869632427187
Keʻanae,Maui,67.13097178781216,47.633088604560264,1.4093348500895913
Keʻei 1,Hawaiʻi,544.8081336143994,4.818860072275452,113.05747115357565
Keʻei 2,Hawaiʻi,743.0684166537427,27.4373964110592,27.082322444932636
"Keʻekeʻe 1-2, Kanakau",Hawaiʻi,1621.7684122014648,19.365803078108264,83.74392766777459
Kikahi,Oʻahu,23.42274740877275,3.905367745023845,5.997577933247804
"Kiolakaʻa, Puʻumakaʻā",Hawaiʻi,154.90424528179275,52.726887568767744,2.937860594933898
Kiʻilae,Hawaiʻi,302.05029453053294,21.619625866374864,13.97111570743292
Kiʻiokalani,Hawaiʻi,26.67632052582658,2.474235521347314,10.781641559854545
Kohanaiki,Hawaiʻi,1118.77500458974,6.867281366947755,162.9138147701953
Koholālele,Hawaiʻi,31.621164175713346,30.062274150414005,1.0518553592286322
Kokoiki,Hawaiʻi,17.91954680509786,1.672914116102499,10.711576065151652
Kolo,Hawaiʻi,34.521328815376975,3.748929459309295,9.208316451421629
"Koloaha, Kulihaʻi",Hawaiʻi,19.78885055056712,3.7582937084861805,5.265381602796008
Kou,Hawaiʻi,21.89350100271958,2.0340130003621764,10.763697674902385
Koʻokā,Maui,0.24509945305366965,0.024089726640863344,10.174438950996981
Koʻolau,Maui,109.2874883456515,78.57252080594984,1.3909123345496102
Kualapa,Maui,82.49499431015876,2.858785819749293,28.856654367130353
Kualoa 1,Oʻahu,63.18473819495455,1.4810236883865298,42.6628815530897
Kualoa 2,Oʻahu,46.29290222112333,1.096035228442449,42.236691868845426
Kuholilea,Maui,55.017476926043386,0.7048186174098858,78.05905741852457
Kuhua,Maui,73.86778069141272,0.9463063369489214,78.05905741852796
Kuiaha,Maui,99.13134518103242,1.2684616438927483,78.15084173677563
Kuikuiloloa,Oʻahu,93.11788717331167,12.47662328540203,7.463388534160681
Kuilei 1-2,Hawaiʻi,7.503654874698794,1.5881076250134707,4.724903247432709
Kukuihaele,Hawaiʻi,12.962756275579382,2.747878155373551,4.717369381983097
"Kukuihala, Kamāʻili",Hawaiʻi,132.0718410460603,11.234290014890913,11.756135979309837
Kukuikea,Hawaiʻi,7.426476149452039,0.5373357571528232,13.820923045960408
Kukuiopaʻe 1-2,Hawaiʻi,49.66530273083606,14.508963360939056,3.4230772726702647
Kukuipahu,Hawaiʻi,113.94926576930497,10.545303661681855,10.805688430135863
Kukuiʻula,Maui,5.8355999455405945,4.198446982103592,1.3899425121754718
Kukuiʻulaiki,Maui,1.181291479061685,0.8456069632536033,1.396974635256649
Kula,Hawaiʻi,628.9091447919541,13.466955395069533,46.70017285586375
"Kulanakiʻi, Kahīnano",Hawaiʻi,4.551556599936854,7.361825815678427,0.6182646416658537
Kulaʻikahonu,Hawaiʻi,7.899936978306909,0.9291854264761941,8.502002671594104
Kulaʻimano,Hawaiʻi,333.10716721424825,1.4315844086007052,232.68426591753826
Kuliʻouʻou,Oʻahu,2041.6659890816413,4.383608639021687,465.75006055679523
Kumimi,Molokaʻi,9.088087391894373,0.5457282637548707,16.65313672662654
Kuʻia,Maui,913.692878949888,8.622489255676262,105.96625311517737
"Kāhei, Hualua",Hawaiʻi,478.37275022493145,6.461781751830548,74.03109058726936
Kāhili,Kauaʻi,475.7218549276827,7.545786673024957,63.04469971677257
Kākiʻo,Maui,7.586376033991328,5.432016638960442,1.39660397569091
Kāneʻohe,Oʻahu,38612.00480710925,32.93480283986697,1172.3769835467222
Kāwala,Hawaiʻi,54.49026505974542,8.07767566063024,6.7457852170675
Kēōkea,Hawaiʻi,261.9298492087268,18.272969086486274,14.33427966571871
Kēōkea,Maui,2997.8019284863503,21.168596724419903,141.61552452024904
Kīkala,Hawaiʻi,7.106956105403188,3.391221619878787,2.095692025476416
"Kīkala 1-2, Kēōkea",Hawaiʻi,140.81859259748333,12.58446540764568,11.189874820739634
Kīkoʻo,Maui,4.430637671576221,3.222354750470874,1.374968932557405
Kīlauea,Kauaʻi,876.1751892235712,15.246192988392723,57.46845720047119
Kīloa,Molokaʻi,4.059882863173942,0.6108415397562683,6.64637651328342
Kīpahoehoe,Hawaiʻi,144.59340905215163,23.120153118819587,6.253998765019162
Kīpū,Kauaʻi,206.7345280310559,12.019690537194267,17.199654799042236
Kīpū,Molokaʻi,61.513196300466845,3.924655109370645,15.673529160204618
Kīpū Kai,Kauaʻi,67.43419163578231,4.508305818959323,14.957767805412217
Kīʻao,Hawaiʻi,52.52415706746033,8.036033214226961,6.536080136462324
Kīʻolokū,Hawaiʻi,4.574510556212063,3.539118274889521,1.2925565637827867
Kōheo 1-2,Maui,166.5871132353138,4.975614745887227,33.48070977018717
Kōloa,Kauaʻi,3597.700502881164,35.39140571717191,101.6546370503605
Kūkaʻiau,Hawaiʻi,26.237788513403757,24.952311998539596,1.0515173309366843
"Kūkiʻo, Maniniʻōwali",Hawaiʻi,97.4066189510719,11.663955002681368,8.351079794861999
Kūkūau 1,Hawaiʻi,1567.307873137514,18.491626475052023,84.7577077793588
Kūkūau 2,Hawaiʻi,1345.2926670952568,17.423964867719356,77.2093307871404
Kūpeke,Molokaʻi,19.618281390728576,1.2851724503795205,15.265096435062205
"Laeʻapuki, Pānaui-iki",Hawaiʻi,30.164675844776106,14.522596761455253,2.0770855474577963
Laimi,Hawaiʻi,12.770218384677795,1.45890541063545,8.753287424655941
"Lanihau 1-2, Moeauo",Hawaiʻi,4446.754374667993,15.9466700273747,278.85159516278406
Lanikepu,Hawaiʻi,110.64007265041039,2.369161267930776,46.700101908657054
Lauhulu,Oʻahu,94.51104400245944,12.66364080405873,7.463181044440901
Launiupoko,Maui,130.84898681092636,15.730814323873206,8.318004657416171
Laupāhoehoe 1,Hawaiʻi,68.30534921515078,11.899927498340261,5.7399802834662355
"Laupāhoehoe, Welokā",Hawaiʻi,987.9401636358036,78.87888668592811,12.524773169903916
Lepeuli,Kauaʻi,221.8608800409035,3.509398157776513,63.21906779066365
"Lepoloa, Kaluakailio",Hawaiʻi,0.7024052376136053,1.1637668273321231,0.6035618313883666
Lumahaʻi,Kauaʻi,179.64834914093538,36.67837467372872,4.8979364745300575
"Lālāmilo, Keanuʻiʻomanō",Hawaiʻi,1758.941325693872,51.99166742582425,33.831215900188774
Lāwai,Kauaʻi,1055.7642779699406,13.949920576948852,75.68245798578296
Lāʻiemaloʻo,Oʻahu,1351.5371032527507,12.158918971861393,111.15602516807016
Lāʻiewai,Oʻahu,4622.352630808172,13.719327403339252,336.92268541408976
Lūpehu,Molokaʻi,32.457062381983775,2.0059806789155408,16.180147058809403
Mahaiʻula,Hawaiʻi,36.157617563654426,4.3131007820002285,8.38320720780517
Mahana,Lānaʻi,226.52111458293805,32.42414691107583,6.986185795548572
Mailepai,Maui,145.51170082876254,3.5201002294321717,41.33737432022925
"Makahanaloa, Pepeʻekeo",Hawaiʻi,1339.720258923005,28.264349406329128,47.3996496315251
Makakupa‘ia,Molokaʻi,71.130877900377115,10.733239639407167,6.627158275607635
Makalawena,Hawaiʻi,23.26708911267631,2.7745067294388264,8.386027276777348
Makanalua,Molokaʻi,27.238295709833924,7.8143057755223815,3.485696169601587
"Makanikahio 1-2, Auau",Hawaiʻi,11.019869312845492,1.4183934702071324,7.7692611706935075
"Makapala, Niuliʻi",Hawaiʻi,129.80109148563818,16.6903068549261,7.777034455620433
Makaua 1,Oʻahu,7.549694856407861,0.1566923884895332,48.181631087410274
Makaua 2,Oʻahu,9.020910422013333,0.19485158340906258,46.296315709558506
Makawao,Maui,8084.282339759186,30.81579233617965,262.34218648558766
Makaweli,Kauaʻi,1106.0570999454542,153.2057821017653,7.219421387182161
Makaʻehu,Maui,6395.540623916443,28.86745765187229,221.5484543545053
Makaʻula,Hawaiʻi,9.511948484471219,1.1419870723351389,8.329296114553342
Makeanehu,Hawaiʻi,28.205486102133726,2.650320813828387,10.642291286008849
"Makiloa, Pahinahina",Hawaiʻi,97.68449911892746,9.217118827980459,10.598159895952094
"Makuʻu, Pōpōkī, Hālo",Hawaiʻi,1221.7566525760426,34.10796563179433,35.82027335682434
Malaekahana,Oʻahu,543.5930641016162,13.361988334939294,40.68204899417657
Malama 1,Hawaiʻi,24.809174628642303,7.648388615402445,3.243712614011427
Malanahae,Hawaiʻi,14.520108502913756,3.0731017636798694,4.724903247436469
Manawai,Molokaʻi,24.62053796756657,2.197582437212024,11.203465021681534
Manoloa,Hawaiʻi,0.9315769173616935,1.5008090732638482,0.6207164748383145
Manowaialeʻe,Hawaiʻi,6.497205887927382,6.185608424021784,1.0503745860626275
Manukā,Hawaiʻi,1160.3145820854627,95.62820328894615,12.133602244721727
Mapulehu,Molokaʻi,84.08522919880332,7.229266240017836,11.631225965001375
Maulili,Hawaiʻi,6.42878968996777,0.8246075893728435,7.796180598892129
Mauluaiki,Hawaiʻi,0.2049751038684959,0.33020045648829083,0.6207596017535018
Mauluanui,Hawaiʻi,23.758980991733978,38.27491292124003,0.620745526988497
Maunalei,Lānaʻi,107.71805997994406,15.409802329059243,6.990229834214893
Maunalua,Oʻahu,30236.1084549522,30.28388611545379,998.4223405041399
Maʻulili,Hawaiʻi,3.9140797565049867,0.12549195421170442,31.189886085461303
Moakea,Molokaʻi,67.69913997712287,4.353536386423533,15.550378811175685
Moaliʻi,Maui,1524.7475831603044,0.6492032500986866,2348.644408247378
Moanalua,Oʻahu,51389.63834949771,39.94435602238363,1286.5306508058482
Moanui,Molokaʻi,34.56412630690531,2.7229529578528853,12.693618597862214
Mohokea,Hawaiʻi,7.635670518805897,9.275246676512442,0.8232309915963295
Mohokeanui,Hawaiʻi,1.0853832186629342,0.5746816609160645,1.888668618610157
Mohopilo,Maui,324.7707279418171,9.868513772363105,32.90979122422077
Mokae,Maui,3.817979884457619,2.733070660744213,1.3969561560541528
"Mokuhonua, Halepuna",Hawaiʻi,215.6993957875245,0.772340290734522,279.28025816494306
Mokulēʻia 1,Oʻahu,760.9826497658116,11.285321968497843,67.43118644643364
Mokulēʻia 2,Oʻahu,206.87802761265007,9.430594928113878,21.93690103218395
Mokuoniki,Hawaiʻi,13.916575511651457,1.5796924727830504,8.809673877304544
Mokupapa,Maui,12.141195472143908,0.7959580354423373,15.253562287861932
Moloaʻa,Kauaʻi,189.73197092407497,11.098975915234123,17.094547494571508
Momoualoa,Hawaiʻi,171.24730841868444,3.008996949761517,56.91175872818911
Moʻoiki,Hawaiʻi,10.012090615049416,2.119388801399,4.724046200697331
Moʻomoku,Maui,66.21395896203325,1.1953716435593515,55.391943851766335
Māhinahina 4,Maui,66.43906796708248,0.7607744217359461,87.33083824700738
"Māhukona, Hihiu, K",Hawaiʻi,69.97008592587738,6.568375808063608,10.652570433010126
Māhāʻulepū,Kauaʻi,662.5227017159622,11.024826879291783,60.093705685337845
Mākaha,Oʻahu,8415.03264659787,24.075856489784854,349.52163177115983
Mākao,Oʻahu,35.67054114210195,0.5792109160172371,61.58471837405843
Mākila,Maui,31.527255113922614,0.3597571346787098,87.6348293747637
Mākolelau,Molokaʻi,42.24934559240099,6.377937339031309,6.624296123739887
Mākua,Oʻahu,136.69857910033377,10.77386364160058,12.68798117812689
Mālamalamaiki,Hawaiʻi,12.147619067016558,1.3986171450473661,8.685449845965646
Mānana,Oʻahu,12039.782934136927,9.779780337472525,1231.0893004421482
Mānienie,Hawaiʻi,28.887506648218377,2.04999445072535,14.091504802853056
Mūʻolea,Maui,5.535923348911464,3.984130867237687,1.389493350842082
N/A,Kahoʻolawe,0,115.53525534920634,0
N/A,Oʻahu,581.2423796765121,1.4171685609019304,410.1434336834224
Naholoku,Maui,97.33760668965425,50.24913945033376,1.9370999733410903
"Nakoʻoka, Laupāhoeho",Hawaiʻi,54.91715130118315,11.436969753632884,4.801722176780178
Nakula,Maui,153.4058900530067,30.350268714188893,5.054515052161259
"Namoku, Papuaʻa",Hawaiʻi,210.85405780704338,1.6721620663614647,126.09666374375453
Nanue,Hawaiʻi,1.4163287098567796,2.291216135948953,0.6181558726104985
Nienie,Hawaiʻi,379.300173112314,44.445832912745715,8.533987288683305
Nihoa,Molokaʻi,8.779391660422274,0.6032779878672063,14.552812860718523
Niumalu,Kauaʻi,1176.6492327075314,9.578230759949703,122.8461980293436
"Niupea, Kealakaha",Hawaiʻi,15.511863391783228,14.753169756426752,1.0514258052935352
North Olohena,Kauaʻi,708.5077828455,3.8493783818699194,184.0577133654829
Nunuluiki,Hawaiʻi,11.861130333513724,1.5214027154762428,7.79618059890267
Nunulunui,Hawaiʻi,27.387639490642005,3.512956010087488,7.796180598902499
Nuʻu,Maui,318.47411841980886,49.24957724840933,6.466535069193817
Nāmāhana,Kauaʻi,40.251035622390056,1.5847879436055767,25.398373192323934
Nānākuli,Oʻahu,4916.594334816199,14.019594590382823,350.694472876476
Nānāwale,Hawaiʻi,228.9729122993869,5.180556627594349,44.19851547993079
Nāpili 1,Maui,8.633836462649956,0.3483005336405104,24.788467512258116
Nāpili 2-3,Maui,326.3335091986304,2.0343803193125147,160.40929323820308
Nāpili 4-5,Maui,97.27346204411067,0.982389720840022,99.01718226543949
Nāwiliwili,Kauaʻi,3468.7788041606414,10.52964152504155,329.42990470389765
Nāʻiwa,Molokaʻi,178.8241959880273,24.998687915047825,7.153343271283652
Ohanaula,Hawaiʻi,317.3554705575531,2.53023304088217,125.42539182355573
Okoe 1-2,Hawaiʻi,97.31707105796832,5.636161530676404,17.266551096573906
Olowalu,Maui,185.7280613928215,21.84198273819424,8.503260148999475
Onomea,Hawaiʻi,103.89851733483553,11.813829459291181,8.794651869053588
"Opea, Peleau, ʻAwa",Hawaiʻi,3.529565797033988,5.693543620624522,0.619924256705147
Opihikao,Hawaiʻi,82.09624535849694,4.712499518311903,17.42095570291012
Opihilala,Hawaiʻi,100.51198862349634,1.7908206085404754,56.12621841861309
"Opihipau, Hukiaʻa",Hawaiʻi,38.40778244680764,3.615881856057754,10.621968298677228
Paeahu,Maui,1346.415175270931,21.980446492514655,61.25513308974168
Pahipahiʻālua,Oʻahu,25.503993268283274,2.886554842792794,8.835443862070433
Paihaʻaloa,Hawaiʻi,105.61053379358268,0.8638338774127285,122.2579208283624
Palauea,Maui,151.12956640552974,8.541402953215172,17.69376380359637
Palauhulu 1-2,Hawaiʻi,10.077286433379498,1.5417935862142444,6.536080136462041
Panaʻewa,Maui,1550.8247185790226,6.433490203928969,241.05495919336678
Paomai,Lānaʻi,256.0534410267913,36.78496620314038,6.960817623503258
Papaka Kai,Maui,42.21494904099014,5.174773470089652,8.157835175779931
Papaka Uka,Maui,1.3222117139879785,0.16138680311986803,8.192811855910687
Papaki,Hawaiʻi,1.8320437993252212,0.38774207711466535,4.724903247432284
Papalele,Hawaiʻi,54.68362438208487,1.2237538111517503,44.68515144448762
Papaʻa,Kauaʻi,94.37033841220646,6.0085196586235465,15.706087984045169
Papaʻakoko,Oʻahu,13.775139739537446,0.32986553783387135,41.75986321576568
Papaʻanui,Hawaiʻi,155.09110371724236,1.9399326130412184,79.94664488582784
Papaʻanui,Maui,479.3290539455054,35.87962848996688,13.359365024627873
Pauahi,Hawaiʻi,131.04997448914102,3.4156722415273784,38.36725693286652
Paukaʻa,Hawaiʻi,216.79681951431763,34.7267661654684,6.242931417262113
Paumalū,Oʻahu,1235.0463173298585,8.980357200616796,137.52752699469818
Paunau,Maui,6017.50342460534,8.730050963427319,689.2861736792127
Paʻakea,Maui,0.38200680189503433,0.27614898958826994,1.3833358668615636
Paʻalaea,Hawaiʻi,78.20422075846044,0.5919668510793522,132.10912167779017
Paʻalaʻa,Oʻahu,4479.319459577191,64.1508320585027,69.82480687845563
Paʻauilo,Hawaiʻi,112.04314108585048,3.430099220285016,32.66469390251065
Paʻawili,Lānaʻi,53.88786575608223,7.7024782525986435,6.996172399175768
Paʻuwela,Maui,323.43920179802626,2.3172401404536775,139.5794920653766
Peahi,Maui,1074.8688329093834,8.673007240120675,123.93265716845265
Pelekunu,Molokaʻi,127.13992036535488,19.476101047561183,6.527996545862831
"Pihā, Kahuku",Hawaiʻi,12.569613366975053,20.263470576263412,0.6203090097359271
Piʻihonua,Hawaiʻi,2996.2474526102483,228.34823762388143,13.12139512784613
Pohakuhaku,Hawaiʻi,71.26253928531686,2.393778346217161,29.769898870516396
Pohoiki,Hawaiʻi,6.402026104635581,2.6963034113952773,2.374371547941882
Polaiki,Maui,7.002717539363456,0.8409186786892116,8.327461045673282
Polanui,Maui,48.46811454377626,1.4710689910783814,32.94754687762553
Pololū,Hawaiʻi,60.247444207590355,7.72781536334331,7.796180598901539
Ponahawai,Hawaiʻi,4978.631673872569,13.772739598253905,361.48448450326873
"Poupou 1-2, Pūlama",Hawaiʻi,25.471997587974386,12.285169219877336,2.0733941170920818
Puaiki,Hawaiʻi,13.03537240778708,1.2014573420348698,10.849633983433392
Puakea,Hawaiʻi,25.27820291890157,2.3462420736466796,10.773910843569764
Puanui,Hawaiʻi,21.476371166512617,2.026824159502007,10.596070244095268
Puapuaʻa 2,Hawaiʻi,1581.1080899427457,1.6935335389211486,933.6148671433915
Puaʻa 1,Hawaiʻi,473.0683337540952,3.3359214969970266,141.81039157544566
"Puaʻa 2-3, Waiʻaha 1",Hawaiʻi,3985.7971470902107,8.687119838831853,458.81687153358945
Puaʻahala,Molokaʻi,50.36471653071469,3.3390188310373947,15.083687478056826
"Puaʻakuloa, Kapena",Hawaiʻi,4.325051755123099,6.9758159311618,0.6200065766934272
Puaʻaluʻu,Maui,0.5490984098374994,0.3933798005863838,1.3958480049534743
"Puehuehu, Laʻaumama",Hawaiʻi,444.05437149168546,3.0289729794074387,146.6022887990755
Pueopaku,Hawaiʻi,13.135316932213685,1.4910105771401292,8.80967387730288
Puheʻemiki,Oʻahu,2.886112079413332,0.07617319316110946,37.888815732183964
Punahoa 1,Hawaiʻi,1562.1554913908028,3.8296975880968867,407.9057041595531
Punahoa 2,Hawaiʻi,1912.0464897606316,23.19278987946935,82.44141820356022
Punalau,Oʻahu,4.8109233414230035,0.6454340711969733,7.45377964398599
Punaluʻu,Hawaiʻi,9.130556874056396,22.436500310556685,0.40695102835446856
Punaluʻu,Oʻahu,645.5317085911562,15.067342443403819,42.84310328884554
Punanue,Oʻahu,75.43966188002591,10.105224138572051,7.4654120329770475
Puna‘ula,Molokaʻi,14.271169521389805,1.177877012571279,12.116009879703963
Puua,Hawaiʻi,1274.6156821587713,19.724260675731003,64.62172160029682
Puumoi,Hawaiʻi,28.0709362684643,2.95891105636961,9.486914521488018
Puʻuanahulu,Hawaiʻi,2294.1046014900116,287.91746499106654,7.9679244243178955
Puʻuepa,Hawaiʻi,39.823909432838754,3.715794846929679,10.71746721047983
Puʻuhaoa,Maui,8.347271358792854,6.028485159315705,1.384638286103097
Puʻukapu,Hawaiʻi,4532.423725661407,101.84925857790198,44.50129327347698
"Puʻukawaiwai, Panoluʻukia",Hawaiʻi,393.22056010722645,13.833823073582456,28.42457634564764
Puʻuki,Maui,114.97114309629326,1.4728738329476692,78.05905741851696
"Puʻukole, Koea, Lapakahi",Hawaiʻi,89.00722638805176,8.288121793717329,10.73913108462308
Puʻuokumau,Hawaiʻi,15.164721812347324,1.919891079833543,7.8987407002599985
Puʻuomāile,Maui,13.235371926211256,0.8767104576991666,15.096628322360935
Puʻuwaʻawaʻa,Hawaiʻi,1266.4046458730695,162.87347910431072,7.775388926652774
Puʻuʻeo,Hawaiʻi,871.201059255495,12.341334585069012,70.59212707104669
Pāhoa,Hawaiʻi,244.62841482549575,3.094703375786632,79.04745144219662
Pāhoa,Maui,124.30197493774722,0.8440155210878262,147.2745131245195
Pāhoehoe,Hawaiʻi,51.959740848657006,5.898037135284677,8.809666615662822
"Pāhoehoe A 1-4, Mau",Hawaiʻi,66.3538016840031,10.924535062298983,6.0738330103395235
Pāhoehoe B 1-3,Hawaiʻi,16.03903087831939,6.918211817394107,2.3183781158583887
Pākiniiki,Hawaiʻi,60.427623798077775,9.552400921664358,6.325909506271979
"Pākininui, Puʻulena",Hawaiʻi,252.8669470397496,39.04321572329876,6.476591191458983
Pālāwai,Lānaʻi,166.72429871033577,23.891086873485147,6.9785146064396955
Pālāʻau,Molokaʻi,581.7419735500632,47.7421430434623,12.185082957429698
Pānauinui,Hawaiʻi,122.00058685298973,58.51005434456472,2.085121749067781
Pāpaʻa,Hawaiʻi,54.676844555450785,0.19855107874745886,275.3792369216758
Pāpaʻaʻea,Maui,22.954141934474702,1.4897706389757917,15.407836168831691
Pāpaʻikou,Hawaiʻi,813.7427849701164,57.05684464313616,14.26196611571664
Pāpā 1,Hawaiʻi,50.58818301651058,7.004619930958139,7.222116762242486
Pāpā 2,Hawaiʻi,65.12658405894769,13.953319358683258,4.667461726117443
Pāʻauhau,Hawaiʻi,229.13317288760712,34.319998516532934,6.676374789970549
Pāʻauhau-mauka,Hawaiʻi,206.64801221852207,166.88951471422016,1.2382324472114616
"Pāʻauʻau 1, Palima",Hawaiʻi,11.383216372428905,6.030091798952591,1.8877351708652488
Pāʻauʻau 2,Hawaiʻi,25.951677302464102,13.756626143067818,1.8864856130106846
Pāʻā,Kauaʻi,1151.163404581389,15.702382894568077,73.31138288441628
Pīlaʻa,Kauaʻi,381.8001611771786,5.966397900153905,63.991736315026856
Pōhakuao,Kauaʻi,11.657261558882047,2.3970375791582668,4.863195162328477
Pōhakulua,Hawaiʻi,11.097291785698932,1.3780701053701268,8.052777389520676
"Pōhakulua, Ahulua",Hawaiʻi,34.03089341739755,3.145374181707032,10.819346586907056
Pōhakupili,Molokaʻi,21.46539841829157,1.2773791776121293,16.80424950907525
Pūehuehuiki,Maui,7.1780114934122246,0.09453788344622263,75.9273555928021
Pūehuehunui,Maui,230.71781214712777,2.2599240598481187,102.09095794246886
Pūkoʻo 1,Molokaʻi,30.661906820193472,2.0241579878517686,15.147981039135606
Pūkoʻo 2,Molokaʻi,6.500572413228261,0.40715861748306825,15.965700181940981
Pūlehuiki,Maui,279.9350103000656,3.9003299372119464,71.772135897859485
Pūlehunui,Maui,4145.707154128468,69.84681947574649,59.35427246716677
Pūniuʻōhua 1,Molokaʻi,9.115347884623878,0.5417719962657839,16.825062844614152
Pūniuʻōhua 2,Molokaʻi,7.451220028239455,0.445057645752646,16.74214587559449
Pūpūkea,Oʻahu,2342.2799281136167,8.264963954797878,283.3986864218451
Pūʻelelū,Molokaʻi,9.966344181401444,0.6090737371750176,16.363115946563315
Pūʻou,Maui,33.04600721749902,0.4233462241328843,78.05905741851188
Pūʻālaʻa,Hawaiʻi,9.734610712838446,4.130908186992867,2.3565303977198404
South Olohena,Kauaʻi,1304.0074088826987,4.862162104888326,268.1949677431927
Ukumehame,Maui,381.27250943951555,44.38697186205929,8.589739138420846
Ulumalu,Maui,645.8614665292472,6.0821894248874,106.18897594449783
Ulupehupehu,Oʻahu,9.513505324254847,1.2989634275738542,7.323920845118594
Umauma,Hawaiʻi,9.608237730393864,8.806365911308669,1.0910559278550387
Wahiawa,Kauaʻi,1148.4359408867404,23.591601472960114,48.67986356089638
Wahikuli,Maui,1225.3129748702424,9.74955973568699,125.6788006934451
"Waiakahiula, Kaʻohe",Hawaiʻi,1102.2586018984132,136.38855462909083,8.081752936644936
Waiakalua,Kauaʻi,395.0876139532533,6.679973701403797,59.14508523742027
Waiakoa,Maui,4658.337575105,24.937050501852248,186.8038714024737
Waialeʻe,Oʻahu,290.4456429762251,3.112348460925713,93.32041274383434
Waialua,Molokaʻi,79.78187070430553,6.0060279571378326,13.28363292240243
Waiau,Oʻahu,7501.893960985894,9.363715084805907,801.1664059662485
Waiawa,Oʻahu,7911.119663731458,41.0256745667493,192.83338414972224
Waiea,Hawaiʻi,60.58248899184421,10.71076921648289,5.656222047863129
Waiehu,Maui,2507.7973851964553,13.984363412820429,179.32867669166725
Waiheʻe,Maui,1033.507311632485,26.150229263904805,39.52192163221439
Waiheʻe,Oʻahu,1245.5879936201104,5.278760073462881,235.9622290624399
Waikahekahe,Hawaiʻi,3506.7233501010987,11.770000230247758,297.9374070944502
Waikahekaheiki,Hawaiʻi,2999.028111368676,15.569626098506495,192.62043239794664
Waikahekahenui,Hawaiʻi,2799.3027776073454,16.851974609332146,166.11126247823628
Waikane,Oʻahu,393.03659583561983,9.129178700142637,43.052788070571886
Waikapu,Hawaiʻi,43.12585291692034,9.024971674095767,4.778502855660344
Waikapū,Maui,6355.355114669164,63.177387524651145,100.59540863713892
Waikaumalo,Hawaiʻi,1.2285672359393396,1.9791352924214014,0.6207596017532644
Waikaʻalulu,Hawaiʻi,17.101628250870974,0.5411097601016164,31.604730706870665
Waikele,Oʻahu,25547.934592071255,24.49424554320346,1043.0178201247015
Waikoekoe,Hawaiʻi,145.38400515096018,21.40583366769132,6.79179364877501
Waikoko,Kauaʻi,8.913520700700305,1.851422805175213,4.814416607478677
Waikoloa,Hawaiʻi,27.03618343116007,5.722060752426129,4.72490324743526
Waikolu,Molokaʻi,30.798823067493018,13.422061720074801,2.294641740577645
Waikā,Hawaiʻi,131.6300890072365,10.974186242486427,11.994519329153741
Waikākuʻu,Hawaiʻi,9.984906729633762,1.0008859630967826,9.976068301267857
Waikīkī,Oʻahu,155032.06861091914,75.38272980688062,2056.599290156888
Wailau,Molokaʻi,222.0997196200201,33.458836797159535,6.637998833207349
"Wailau, Nīnole, Kaʻa",Hawaiʻi,193.79106745688003,148.13333367661647,1.3082205243550178
Wailea,Hawaiʻi,6.9197462666657925,1.0712843151516773,6.4592995237553374
Wailua,Hawaiʻi,0.9136420627035536,1.471813017668941,0.6207596017533402
Wailua,Kauaʻi,7965.288367242437,93.50606243294823,85.18472663688758
Wailua,Maui,2.28081958619577,1.6326850385345546,1.3969746352566321
Wailuaiki,Maui,3.3881433312358253,2.425343485648175,1.3969746352568042
Wailuanui,Maui,12.893862276197884,9.263596911479938,1.3918850743839177
Wailuku,Maui,48251.58050538889,113.99707582411388,423.27033528330384
Waimalu,Oʻahu,13817.477940566669,19.585871847133625,705.4818926832121
Waimano,Oʻahu,9288.899944933411,12.371676415835273,750.8198268945973
Waimanu,Hawaiʻi,60.71674427880049,12.85036774282603,4.724903247434051
Waimea,Kauaʻi,5882.879538439352,351.69709004356883,16.727120311716455
Waimea,Niʻihau,0,187.45613104502567,0
Waimea,Oʻahu,801.3628322801834,23.25452970785043,34.46050478542482
"Waimea, Waikoloa",Hawaiʻi,8630.37886784427,417.55487533410025,20.668849479817002
Waimānalo,Oʻahu,10788.717577345053,28.766062340596815,375.05020498127783
Wainaku,Hawaiʻi,354.82359805881356,1.6058943754364745,220.95076954384012
Waineʻe,Maui,20.580356365351072,0.7631861393682658,26.966365482458375
Wainiha,Kauaʻi,305.2377216129957,61.23390795553299,4.984782644195338
Waiohonu,Maui,8.4384439106998,6.04945858134147,1.3949089488316773
Waiohuli,Maui,7916.204268155802,44.332205777497805,178.5655400926141
Waiomao,Hawaiʻi,23.514128412855644,5.060837193351664,4.646292207096833
Waipake,Kauaʻi,182.20044943871096,2.846213897469803,64.0150234670281
Waipiʻo,Hawaiʻi,280.5887069022942,48.819347501593086,5.7474899043486385
Waipiʻo,Oʻahu,79622.91009746662,70.72099977212369,1125.873649326601
Waipiʻoiki,Maui,15.652194289875379,1.0158593405575305,15.407836168819436
Waipiʻonui,Maui,11.923349934597749,0.7738497348978538,15.407836168828824
Waipouli,Kauaʻi,1522.433139648287,11.820415645965062,128.79692095835688
Waipunalei,Hawaiʻi,5.969053864792561,9.61572539181672,0.6207596017532292
Waipā,Kauaʻi,37.826465844641135,6.741691192212848,5.610827426852998
Waiāhole,Oʻahu,824.6954408400335,10.966502574023854,75.20131740026888
Waiākea,Hawaiʻi,32061.09039461527,399.6168822067237,80.22956942552271
Waiʻaleʻale 1-2,Hawaiʻi,10.880126026204668,2.3027193270270376,4.7249032474364245
Waiʻanae,Oʻahu,71339.10324785707,150.96617041784108,472.55026109760985
Waiʻoli,Kauaʻi,129.94775132619418,14.035967407444833,9.258196998752537
Waiʻono,Oʻahu,78.63482051342643,1.8463533149070088,42.5892595304203
Waiʻōhinu,Hawaiʻi,124.11192081678277,61.96148800686118,2.0030493909868574
Wawaeolepe,Molokaʻi,3.654702106715558,0.5498788850454148,6.6463765132820365
Waʻawaʻa,Hawaiʻi,151.98753387653497,3.4387474833978118,44.19851547993188
"Weha, Mahakuolo",Hawaiʻi,209.2488654549767,7.119998613161597,29.388891321997164
Weliweli,Kauaʻi,507.52701179573,6.952585767799787,72.99831008864228
West Hanawana,Maui,18.187052871965953,1.1822400468886802,15.383553382267085
West Honomāʻele,Maui,5.48127415739053,3.967605219004195,1.3815069430638165
West Kaupakulua,Maui,191.36352998560577,3.4071405314345733,56.16543497988101
West Makaīwa,Maui,190.89469039061035,12.607753262501834,15.141055382037983
West Waiakalua,Kauaʻi,85.43338513889809,1.3345833604654074,64.01502346702796
West ʻŌhiʻa,Molokaʻi,18.08735961170083,1.4268142704743147,12.676744258864234
Wākiu,Maui,66.35685613830341,4.534747788697821,14.63297612795312
ʻAiea,Oʻahu,7329.06839705879,4.773448015187923,1535.382468550934
ʻAlae,Hawaiʻi,199.64259478592012,4.101259487674856,48.67836219236748
ʻAlae 1-2,Maui,163.86381393277534,8.133180843820961,20.147567978556378
ʻAlae 3-4,Maui,94.83277130208754,3.6079815233788843,26.28416212433272
ʻAlaeiki,Maui,2.9428124508279536,2.106561118976381,1.3969746352566896
ʻAlaeloa,Maui,503.30380002663077,3.3853426226433103,148.67145105497357
ʻAlaenui,Maui,47.27834505954875,33.84340929346024,1.3969734742026898
ʻAlikā,Hawaiʻi,109.56355207776372,19.809644308491386,5.530818745231049
ʻAliomanu,Kauaʻi,108.56989073854525,5.891744365216142,18.427461208181985
ʻAnaehoʻomalu,Hawaiʻi,60.980011806233,3.493518083159972,17.455187107855213
ʻEleʻele,Kauaʻi,2344.658976980614,4.81228422134153,487.2237110564905
ʻIole,Hawaiʻi,101.99616464170622,3.8564963979823066,26.44788277128171
ʻOʻoma 1,Hawaiʻi,1519.5366452710443,8.085514644433026,187.93320055604173
ʻOʻoma 2,Hawaiʻi,967.0286669462292,6.822185711196527,141.74763160714727
ʻOʻōkala,Hawaiʻi,2.849396125774535,4.568884444849347,0.62365248238807
ʻUlaʻino,Maui,1.9704743563195233,1.4355664902854115,1.3726110003638803
ʻUpolu,Hawaiʻi,26.56921165329254,2.4977714644466484,10.63716678306221
ʻĀinakea,Hawaiʻi,177.4647057814023,2.179226820245219,81.43471075738364
ʻĀpua,Hawaiʻi,121.79014852380622,50.24714007073757,2.4238224972078193
ʻĀwini,Hawaiʻi,64.2720531421122,7.99814282350023,8.035872146877317
ʻĀʻamakaō,Hawaiʻi,55.056122735059766,7.061935269023299,7.7961805989017945
ʻĀʻāmanu,Hawaiʻi,34.80184548993263,2.2179917141433414,15.69070130786048
ʻŌhikilolo,Oʻahu,35.30498350704751,2.779174982217729,12.703404331480703
ʻŌiʻo 1,Oʻahu,26.848820810544346,3.601835818049535,7.454204513153937
ʻŌiʻo 2,Oʻahu,23.140037702359812,3.0168677561274766,7.670219437149912
ʻŌlaʻa,Hawaiʻi,6124.679215948627,244.68821722592511,25.03054411603971
"ʻŌlelomoana 1-4, Opihihali",Hawaiʻi,113.92578681825981,26.11321535814411,4.362763652647202
ʻŌmaʻopio,Maui,1183.0822850222614,17.020494945259188,69.50927624767996
ʻŌpana,Maui,438.2241368368636,6.520681679362706,67.20526447776133
ʻŌpana 1,Oʻahu,2.8945948057684365,0.38832143806838126,7.454120535211642
ʻŌpana 2,Oʻahu,2.405049019851996,0.3226469183710867,7.454120535209547
ʻŌuli,Hawaiʻi,318.9727174583525,15.592199508154094,20.457198311985593
‘Aha‘ino 1,Molokaʻi,16.228848676978302,1.1732867748248577,13.83195398192472
‘Aha‘ino 2,Molokaʻi,13.794505996792214,0.9964190056038499,13.844081575333329
‘Ualapu‘e,Molokaʻi,41.69311756526189,2.8495446665495114,14.631501676282802
‘Ïloli,Molokaʻi,10.960036536099505,1.0509597020205226,10.428598275488858
